id,date,text,hashtags,name_mentions,handle_mentions,source,likes,retweets
1576210327091429377,2022-10-01 14:00:01+00:00,"#RoyalRumble tickets available NOW!

üéüÔ∏è: https://t.co/pQfYpjwo8D https://t.co/Rmmf9cr38o",RoyalRumble,,,Sprinklr Publishing,666,104
1576180125028204546,2022-10-01 12:00:00+00:00,"NEXT FRIDAY on the SEASON PREMIERE of #SmackDown: 

üî• @WWERomanReigns and @LoganPaul face-to-face.
üëä @WWESheamus vs‚Ä¶ https://t.co/U2VrqEd41y",SmackDown,"Roman Reigns,Logan Paul,Sheamus","WWERomanReigns,LoganPaul,WWESheamus",Sprinklr Publishing,2994,406
1576057538709184515,2022-10-01 03:52:53+00:00,"McIntyre, Owens and Gargano join forces to best Theory and Alpha Academy!

Full #SmackDown results:‚Ä¶ https://t.co/zqZp99VcuH",SmackDown,,,Sprinklr Publishing,2094,203
1576047232545071104,2022-10-01 03:11:56+00:00,"#SmackDown Women‚Äôs Champion, @YaOnlyLivvOnce, says she is counting down the days until #ExtremeRules when she will‚Ä¶ https://t.co/WmfgnwowmV","SmackDown,ExtremeRules",LIV Morgan,YaOnlyLivvOnce,Grabyo,2959,518
1576040560699342849,2022-10-01 02:45:25+00:00,"WWE is saddened to learn of the passing of WWE Hall of Famer Antonio Inoki.

https://t.co/rHmdY8cdvi",,,,Sprinklr Publishing,11893,3063
1576031715201458177,2022-10-01 02:10:16+00:00,That looks like it hurts üò≥ #SmackDown https://t.co/DrtFBz7NkY,SmackDown,,,Twitter for iPhone,6576,386
1576029066163101696,2022-10-01 01:59:45+00:00,.@DMcIntyreWWE just used @_Theory1 to send a message to @realKILLERkross ahead of their Strap Match next Saturday a‚Ä¶ https://t.co/BdpSSyE5V1,,"Drew McIntyre,Austin Theory,Karrion Kross","DMcIntyreWWE,_Theory1,realKILLERkross",Grabyo,1608,313
1576028057521033218,2022-10-01 01:55:44+00:00,".@FightOwensFight came READY tonight! 

#SmackDown https://t.co/C692Mlf4dR",SmackDown,Kevinn,FightOwensFight,Grabyo,1646,272
1576025836330930177,2022-10-01 01:46:55+00:00,WWE is supporting the @RedCross and their relief efforts for those impacted by Hurricane Ian across Florida. Please‚Ä¶ https://t.co/6khUGfnoAo,,American Red Cross #HurricaneIan,RedCross,Grabyo,826,194
1576024229157519360,2022-10-01 01:40:32+00:00,"The #WWERaw Women's Champion is here on #SmackDown!!!

@BiancaBelairWWE @itsBayleyWWE https://t.co/WuJgO2uWjH","WWERaw,SmackDown","Bianca Belair,Bayley","BiancaBelairWWE,itsBayleyWWE",Grabyo,2540,460
1576023845156306944,2022-10-01 01:39:00+00:00,#Shotzi giving @itsBayleyWWE a run for her money tonight on #SmackDown! https://t.co/a65sHCUsGS,"Shotzi,SmackDown",Bayley,itsBayleyWWE,Grabyo,1590,288
1576022507752198144,2022-10-01 01:33:41+00:00,"YES!!!! T.C.B. 

THE TANK IS BACK! ü§ò

#Shotzi #SmackDown https://t.co/gnpLdkQXJM","Shotzi,SmackDown",,,Grabyo,8611,1405
1576021747605831680,2022-10-01 01:30:40+00:00,"After a BRUTAL beatdown at the hands of #Imperium, @WWESheamus asks for more!  #SmackDown https://t.co/tPbAJd0dnA","Imperium,SmackDown",Sheamus,WWESheamus,Grabyo,2610,344
1576021688164270081,2022-10-01 01:30:26+00:00,"WWE remembers Antonio Inoki.
1943-2022 https://t.co/I9JF377dLb",,,,Grabyo,30346,7497
1576020426014294016,2022-10-01 01:25:25+00:00,".@RondaRousey said: #ExtremeRules
@YaOnlyLivvOnce said: TONIGHT!
The #SmackDown Women's Champion can't be held back! https://t.co/pO2sqjis1k","ExtremeRules,SmackDown","Ronda Rousey,LIV Morgan","RondaRousey,YaOnlyLivvOnce",Grabyo,2687,463
1576013635339567105,2022-10-01 00:58:26+00:00,"Gotta watch out for the quick hands of B-Fab! üëä

#HitRow continues to dominate on #SmackDown against #LosLotharios! https://t.co/nOMyL5s5oq","HitRow,SmackDown,LosLotharios",,,Grabyo,1169,218
1576010727399227396,2022-10-01 00:46:52+00:00,.@FightOwensFight and @JohnnyGargano just cleared the ring after saving @DMcIntyreWWE from a beatdown at the hands‚Ä¶ https://t.co/swHqJqN9cy,,"Kevinn,Johnny Gargano,Drew McIntyre","FightOwensFight,JohnnyGargano,DMcIntyreWWE",Grabyo,1871,366
1576007995082915841,2022-10-01 00:36:01+00:00,"Oops... üò¨

@_Theory1 vs. @DMcIntyreWWE NEXT on #SmackDown! https://t.co/jqVyAmoMb7",SmackDown,"Austin Theory,Drew McIntyre","_Theory1,DMcIntyreWWE",Grabyo,1822,304
1576007127193231361,2022-10-01 00:32:34+00:00,"""It's time to change the timelines..."" 

@realKILLERkross warns @DMcIntyreWWE of what's to come in their Strap Matc‚Ä¶ https://t.co/3ja1Xhga6O",,"Karrion Kross,Drew McIntyre","realKILLERkross,DMcIntyreWWE",Grabyo,2921,492
1576006966488481794,2022-10-01 00:31:56+00:00,"#RoyalRumble tickets on sale NOW!
üéü: https://t.co/NOwJrswLWj https://t.co/Kzyy9jbEE9",RoyalRumble,,,Sprinklr Publishing,883,184
1576004780257853440,2022-10-01 00:23:15+00:00,".@MadcapMoss is FIRED UP tonight as he battles @SamiZayn and @WWESoloSikoa! 

#SmackDown https://t.co/09nG2Wm4SR",SmackDown,"Madcap Moss,Sami Zayn,Solo","MadcapMoss,SamiZayn,WWESoloSikoa",Grabyo,1123,208
1576000260710825984,2022-10-01 00:05:17+00:00,".@SamiZayn and @WWESoloSikoa are PUMPED for their match against @KingRicochet and @MadcapMoss! 

#TheBloodline‚Ä¶ https://t.co/ndtuCiWfim",TheBloodline,"Sami Zayn,Solo,Ricochet,Madcap Moss","SamiZayn,WWESoloSikoa,KingRicochet,MadcapMoss",Grabyo,2265,385
1575998931921620993,2022-10-01 00:00:00+00:00,#SmackDown starts RIGHT NOW! üôå,SmackDown,,,Twitter Web App,2359,207
1575990197237714950,2022-09-30 23:25:18+00:00,#SmackDown predictions? ü§î‚¨áÔ∏è,SmackDown,,,Twitter Web App,2275,179
1575983832884744192,2022-09-30 23:00:00+00:00,"Three huge matches set the table for a can't-miss night of action on #SmackDown! 

üì∫ 8/7c @FOXTV https://t.co/CH5qwJwAk9",SmackDown,FOX,FOXTV,Sprinklr Publishing,635,120
1575976366784258048,2022-09-30 22:30:20+00:00,Make sure you mark your calendars for an Extreme Sunday as WWE presents the Top 10 Most Extreme Moments THIS SUNDAY‚Ä¶ https://t.co/R0rg7W3f1g,,,,Sprinklr Publishing,852,135
1575968733222387713,2022-09-30 22:00:00+00:00,.@KingRicochet &amp; @MadcapMoss square off with @SamiZayn &amp; @WWESoloSikoa TONIGHT on #SmackDown!‚Ä¶ https://t.co/YGnJX3e35z,SmackDown,"Ricochet,Madcap Moss,Sami Zayn,Solo","KingRicochet,MadcapMoss,SamiZayn,WWESoloSikoa",Sprinklr Publishing,1735,224
1575953631773351936,2022-09-30 21:00:00+00:00,Look back at all the heated moments between #TheBloodline‚Äôs Jey @WWEUsos and @SamiZayn. #WWEPlaylist https://t.co/RkpTLvK0fc,"TheBloodline,WWEPlaylist","The Usos,Sami Zayn","WWEUsos,SamiZayn",Sprinklr Publishing,1066,211
1575946082546335745,2022-09-30 20:30:00+00:00,.@YaOnlyLivvOnce and @RondaRousey will let the carnage do the talking next Saturday at #ExtremeRules! https://t.co/DI3t21VaOr,ExtremeRules,"LIV Morgan,Ronda Rousey","YaOnlyLivvOnce,RondaRousey",Sprinklr Publishing,2106,332
1575938533746933770,2022-09-30 20:00:00+00:00,"Shotzi looks to disrupt Damage CTRL in a battle with @itsBayleyWWE TONIGHT on #SmackDown! 

https://t.co/lOQkfV62PF https://t.co/59ltpQwWDG",SmackDown,Bayley,itsBayleyWWE,Sprinklr Publishing,2387,327
1575915884404785158,2022-09-30 18:30:00+00:00,"A few words of encouragement from the #HonoraryUce... Whether Jey @WWEUsos likes it or not

#SmackDown @SamiZayn https://t.co/VMZkPznSE1","HonoraryUce,SmackDown","The Usos,Sami Zayn","WWEUsos,SamiZayn",Sprinklr Publishing,1208,154
1575908335009898496,2022-09-30 18:00:00+00:00,"WWE is supporting the @RedCross and their relief efforts for those impacted by Hurricane Ian across Florida. 

Plea‚Ä¶ https://t.co/bJOg112yRa",,American Red Cross #HurricaneIan,RedCross,Sprinklr Publishing,1511,342
1575893237381750788,2022-09-30 17:00:01+00:00,"The üêê #PeoplesElbow! 

@TheRock slid his way into an instant classic on this day in 1999. https://t.co/aykqlFEUTn",PeoplesElbow,Dwayne Johnson,TheRock,Twitter Media Studio,5216,825
1575878135966580736,2022-09-30 16:00:00+00:00,".@WWESheamus knows his way around a Good Old Fashioned Donnybrook üëÄ

What will the Celtic Warrior have in store at‚Ä¶ https://t.co/fwhZGMs9Lr",,Sheamus,WWESheamus,Sprinklr Publishing,861,127
1575863037399023622,2022-09-30 15:00:00+00:00,"#RoyalRumble tickets available NOW! See you in San Antonio, TX on January 28th!

üéüÔ∏è: https://t.co/rSyNvkx5ht https://t.co/a8Z9xeMPzy",RoyalRumble,,,Sprinklr Publishing,2829,307
1575832843422425089,2022-09-30 13:00:02+00:00,"Start the road to #WrestleMania at #RoyalRumble on January 28th in San Antonio, TX! Tickets available today at 11AM‚Ä¶ https://t.co/oLGYbKAFSc","WrestleMania,RoyalRumble",,,Sprinklr Publishing,2135,264
1575727562369765376,2022-09-30 06:01:41+00:00,.@EdgeRatedR helps @SuperKingofBros fend off a Judgment Day onslaught before declaring his intention to make‚Ä¶ https://t.co/nAXpBnaODx,,"Adam (Edge) Copeland,matthew riddle","EdgeRatedR,SuperKingofBros",Grabyo,1009,161
1575697403813978114,2022-09-30 04:01:50+00:00,"The Original Bro, @SuperKingofBros goes head-to-head with @ArcherOfInfamy of #TheJudgmentDay on #WWERaw. https://t.co/TFJw5WklUP","TheJudgmentDay,WWERaw","matthew riddle,Damian Priest","SuperKingofBros,ArcherOfInfamy",Grabyo,779,114
1575651642514489345,2022-09-30 01:00:00+00:00,"5 years in the making ‚òùÔ∏è

#TheBloodline @SamiZayn @WWERomanReigns https://t.co/svRcGs8yby",TheBloodline,"Sami Zayn,Roman Reigns","SamiZayn,WWERomanReigns",Sprinklr Publishing,6032,674
1575621444855275522,2022-09-29 23:00:00+00:00,Jey @WWEUsos: Hater of the Year? https://t.co/IcCrFb8nmK,,The Usos,WWEUsos,Sprinklr Publishing,7366,616
1575591246638129153,2022-09-29 21:00:00+00:00,Look back at @Goldberg's most exciting returns in this #Goldberg25 edition of #WWETop10! https://t.co/1iH3CL2AYN,"Goldberg25,WWETop10",Bill Goldberg,Goldberg,Sprinklr Publishing,903,135
1575576146875277314,2022-09-29 20:00:00+00:00,D-Generation X wanted NO part of The @undertaker on this day in 1997! https://t.co/4S7hSpcDIZ,,Undertaker,undertaker,Sprinklr Publishing,1615,219
1575561045653028868,2022-09-29 19:00:00+00:00,The @WWEUsos caught Butch UPSIDE DOWN with a double Superkick! https://t.co/Dlz3AOU4or,,The Usos,WWEUsos,Sprinklr Publishing,1823,187
1575545948079591427,2022-09-29 18:00:00+00:00,"Scary strength üò±

#SmackDown @RidgeWWE https://t.co/l49EDQLVAY",SmackDown,Ridge Holland,RidgeWWE,Sprinklr Publishing,1650,134
1575530849738625034,2022-09-29 17:00:01+00:00,"Tejana Bomb!!! üôåüí•

#HispanicHeritageMonth @RaquelWWE https://t.co/QOUR5yhfFn",HispanicHeritageMonth,Raquel,RaquelWWE,Sprinklr Publishing,1131,134
1575515747782197248,2022-09-29 16:00:00+00:00,The hits will keep coming when The #BrawlingBrutes and #Imperium collide in a Good Old Fashioned Donnybrook Match a‚Ä¶ https://t.co/MwXagdqArX,"BrawlingBrutes,Imperium",,,Sprinklr Publishing,849,116
1575511974716342275,2022-09-29 15:45:01+00:00,Get the official @NHLJets x WWE co-branded tee exclusively at @CanadaLifeCtr when #SmackDown comes to Winnipeg tomo‚Ä¶ https://t.co/jkbCbrLSBV,SmackDown,"Winnipeg Jets,Canada Life Centre","NHLJets,CanadaLifeCtr",Sprinklr Publishing,600,113
1575500648095031299,2022-09-29 15:00:00+00:00,"January 28th in San Antonio, TX! You don't want to miss it. Get your tickets NOW using the presale code: TWEETS

üéüÔ∏è‚Ä¶ https://t.co/eU26raUV0l",,,,Sprinklr Publishing,5495,622
1575486171509313537,2022-09-29 14:02:29+00:00,.@FinnBalor and #TheJudgmentDay lay siege to the war-torn @AJStylesOrg on #WWERaw https://t.co/6bI28psYBA,"TheJudgmentDay,WWERaw","Finn B√°lor,AJ Styles","FinnBalor,AJStylesOrg",Grabyo,694,124
1575485551804788738,2022-09-29 14:00:01+00:00,"Happy birthday to the ""Poison Pixie"" @CandiceLeRae! https://t.co/oINtT2XHeH",,Candice LeRae,CandiceLeRae,Sprinklr Publishing,11121,843
1575467246541062144,2022-09-29 12:47:16+00:00,"üö®üëäüö®üëäüö®

At #ExtremeRules, The #BrawlingBrutes and #Imperium will look to rip each other apart in a Six-Man Tag Team‚Ä¶ https://t.co/UwDRN1TIZr","ExtremeRules,BrawlingBrutes,Imperium",,,Sprinklr Publishing,12569,1324
1575455824436232193,2022-09-29 12:01:53+00:00,"The Phenomenal One, @AJStylesOrg, goes head-to-head with @SamiZayn with ‚ÄúThe Street Champion‚Äù @WWESoloSikoa in the‚Ä¶ https://t.co/InTzFTbiBD",,"AJ Styles,Sami Zayn,Solo","AJStylesOrg,SamiZayn,WWESoloSikoa",Grabyo,791,99
1575425576982159360,2022-09-29 10:01:42+00:00,"The Poison Pixy, @CandiceLeRae, makes a surprise debut on #WWERaw against @WWENikkiASH! https://t.co/fHsSjXl5JF",WWERaw,"Candice LeRae,Nikki A.S.H","CandiceLeRae,WWENikkiASH",Grabyo,1205,175
1575395330899775488,2022-09-29 08:01:30+00:00,A surprise call from #BraunStrowman to @WWEGable inspires two matchups for next week‚Äôs #WWERaw https://t.co/yVOfwdPxhO,"BraunStrowman,WWERaw",Chad Gable,WWEGable,Grabyo,600,97
1575365224365965315,2022-09-29 06:01:53+00:00,.@TheGiantOmos showed why he is the only true Giant on #WWERaw with a display of sheer dominance in a 2-on-1 Handic‚Ä¶ https://t.co/O3IlTa0hFm,WWERaw,Jordan omogbehin,TheGiantOmos,Grabyo,502,86
1575335020054593536,2022-09-29 04:01:51+00:00,".@FightOwensFight joins forces with @JohnnyGargano in a dream team against @WWEGable &amp; @otiswwe.

#WWERaw https://t.co/VPLKVPTqnw",WWERaw,"Kevinn,Johnny Gargano,Chad Gable,OTIS (#1 GUY)","FightOwensFight,JohnnyGargano,WWEGable,otiswwe",Grabyo,758,114
1575304353904304128,2022-09-29 02:00:00+00:00,.@SamiZayn is loving life now that he's officially in #TheBloodline üòé https://t.co/E0FD819NoI,TheBloodline,Sami Zayn,SamiZayn,Sprinklr Publishing,2340,234
1575289256859385856,2022-09-29 01:00:00+00:00,A chaotic Pub Rules Match takes over this week's #WWENXT Top 10! https://t.co/IRfeiNWaBB,WWENXT,,,Sprinklr Publishing,658,94
1575259057962852352,2022-09-28 23:00:00+00:00,"Watch her. üôå

@YaOnlyLivvOnce @tiktok_us https://t.co/KTqdidVMVO",,"LIV Morgan,TikTok US","YaOnlyLivvOnce,tiktok_us",Sprinklr Publishing,5513,454
1575228858630012958,2022-09-28 21:00:00+00:00,".@Goldberg spears @fightbobby off the STAGE ü§Ø

#Goldberg25 #WWECrownJewel https://t.co/sCfjYAne8Y","Goldberg25,WWECrownJewel","Bill Goldberg,Bobby Lashley","Goldberg,fightbobby",Sprinklr Publishing,2426,256
1575198657586118658,2022-09-28 19:00:00+00:00,"""Look at @SamiZayn go!""

#WWERaw üåïüßÇ https://t.co/oh68ceWzLf",WWERaw,Sami Zayn,SamiZayn,Sprinklr Publishing,4283,321
1575183791001423872,2022-09-28 18:00:55+00:00,"NEXT WEEK on #WWETheBump:

@WWEBigE and @MmmGorgeous! 

Don't miss it! WEDNESDAY at 1pm ET! https://t.co/ykluDDGLBE",WWETheBump,"Ettore ‚ÄúBig E‚Äù Ewen,Breezus","WWEBigE,MmmGorgeous",Grabyo,5590,459
1575182359368024071,2022-09-28 17:55:14+00:00,"""I'm at a loss. I don't know what to do or where to go...""

@mikethemiz says he is running out of ways to protect h‚Ä¶ https://t.co/KJJ0bagup6",,The Miz,mikethemiz,Grabyo,1270,158
1575181704091811845,2022-09-28 17:52:38+00:00,".@mikethemiz explains what YOU can do to help children with pediatric cancer.

https://t.co/ipGfkEcb9P

#WWETheBump https://t.co/V3t5e8fzKR",WWETheBump,The Miz,mikethemiz,Grabyo,501,97
1575180967232376834,2022-09-28 17:49:42+00:00,".@mikethemiz applauds @GraysonWWE for bringing ""star power"" to #WWETheBump and #WWENXT! https://t.co/nm2bIOmJ0s","WWETheBump,WWENXT","The Miz,Grayson Waller","mikethemiz,GraysonWWE",Grabyo,709,106
1575180382407991296,2022-09-28 17:47:23+00:00,"Don't miss ""The @GraysonWWE Effect"" on @WWENXT next Tuesday with @CoraJadeWWE and @roxanne_wwe! 

#WWETheBump https://t.co/Cl49l3FP9e",WWETheBump,"Grayson Waller,WWE NXT,Cora Jade,roxanne","GraysonWWE,WWENXT,CoraJadeWWE,roxanne_wwe",Grabyo,574,100
1575179090499362818,2022-09-28 17:42:15+00:00,".@GraysonWWE answers fan questions and calls out the #WWENXT Champion, @bronbreakkerwwe... üëÄ

#WWETheBump https://t.co/eaeIb2yktn","WWENXT,WWETheBump","Grayson Waller,Bronson Steiner","GraysonWWE,bronbreakkerwwe",Grabyo,354,67
1575176780280987648,2022-09-28 17:33:04+00:00,"Working with his son was a dream come true.

@Goldberg gets emotional explaining why the moments in the ring, that‚Ä¶ https://t.co/BMdOIs2jOZ",,Bill Goldberg,Goldberg,Grabyo,564,84
1575173837154668544,2022-09-28 17:21:22+00:00,".@Goldberg explains what his goal was as a performer and he believes he achieved that goal. #Goldberg25

#WWETheBump https://t.co/0E04TpkMNA","Goldberg25,WWETheBump",Bill Goldberg,Goldberg,Grabyo,558,96
1575173057672519680,2022-09-28 17:18:16+00:00,"""I felt like I was led out to the ring and somebody took a towel off of me as I got out of the shower...""‚Ä¶ https://t.co/e8EhupbLvc",,,,Grabyo,477,103
1575171878825521163,2022-09-28 17:13:35+00:00,".@Goldberg looks back on his debut in WCW 25 years ago and what it felt like that night. 

#Goldberg25 #WWETheBump https://t.co/HaVRNO1Drz","Goldberg25,WWETheBump",Bill Goldberg,Goldberg,Grabyo,457,92
1575170558777507840,2022-09-28 17:08:21+00:00,"Everyone is talking about the White Rabbit... üëÄ

#WWETheBump https://t.co/5MbGK535fM",WWETheBump,,,Grabyo,3320,461
1575153360319266817,2022-09-28 16:00:00+00:00,"Fight a sign? @FightOwensFight will! üòÇ

#WWERaw https://t.co/En9AvjUYSZ",WWERaw,Kevinn,FightOwensFight,Sprinklr Publishing,4165,341
1575138262087356416,2022-09-28 15:00:00+00:00,"Put up a ‚òùÔ∏è for the #HonoraryUce 

@SamiZayn https://t.co/GnJRywurX6",HonoraryUce,Sami Zayn,SamiZayn,Sprinklr Publishing,2531,215
1575121791818862593,2022-09-28 13:54:34+00:00,"Celebrate #Goldberg25 with @MikeTheMiz, @GraysonWWE and the man himself, @Goldberg, on @WWETheBump! Also, get the s‚Ä¶ https://t.co/jXvioSOPIn",Goldberg25,"The Miz,Grayson Waller,Bill Goldberg,WWE‚Äôs The Bump","mikethemiz,GraysonWWE,Goldberg,WWETheBump",Twitter Media Studio,716,128
1575093397358100481,2022-09-28 12:01:44+00:00,.@WWERollins and @reymysterio renew an old rivalry on #WWERaw. https://t.co/6s6IH6o6hI,WWERaw,"Seth ‚ÄúFreakin‚Äô‚Äù Rollins,‚ôõRey Mysterio‚ùî","WWERollins,reymysterio",Grabyo,1097,137
1575063208456486913,2022-09-28 10:01:46+00:00,".@WWERollins vows to become the ""King of the Fight Pit"" at #ExtremeRules. #WWERaw https://t.co/08YO3vvA5z","ExtremeRules,WWERaw",Seth ‚ÄúFreakin‚Äô‚Äù Rollins,WWERollins,Grabyo,1150,137
1575032979625222146,2022-09-28 08:01:39+00:00,".@mikethemiz assembles his own ""Miz Force"" in order to take down @DexterWWE. #WWERaw https://t.co/NsCo6pEBU4",WWERaw,"The Miz,Dexter Lumis","mikethemiz,DexterWWE",Grabyo,858,112
1575002796415410176,2022-09-28 06:01:43+00:00,"#WWERaw Women's Champion @BiancaBelairWWE takes on one-half of the WWE Women's Tag Team Champions, @Iyo_SkyWWE. https://t.co/Rfa1VMGKlo",WWERaw,"Bianca Belair,IYO SKY","BiancaBelairWWE,Iyo_SkyWWE",Grabyo,685,118
1574987733365411840,2022-09-28 05:01:52+00:00,.@itsBayleyWWE ups the ante for her #WWERaw Women's Championship match with @BiancaBelairWWE at #ExtremeRules. https://t.co/KLWADE6cAe,"WWERaw,ExtremeRules","Bayley,Bianca Belair","itsBayleyWWE,BiancaBelairWWE",Grabyo,960,162
1574943855627194369,2022-09-28 02:07:30+00:00,"""That's how you get suspended around here!"" 

#WWENXT #Gallus @Joe_Coffey @WolfgangYoung @m_coffey90 https://t.co/cgBT15f3ky","WWENXT,Gallus","Joe Coffey,Gallus Wolfy,Markus Coffey","Joe_Coffey,WolfgangYoung,m_coffey90",Grabyo,885,170
1574943115080769538,2022-09-28 02:04:34+00:00,"An out of control ending to a chaotic Pub Rules Match! 

#WWENXT #JoshBriggs @BrooksJensenWWE https://t.co/meXGPP0Ulr","WWENXT,JoshBriggs",Brooks Jensen,BrooksJensenWWE,Grabyo,680,137
1574939977468764162,2022-09-28 01:52:06+00:00,"Consider the odds evened. üëÄ

#WWENXT @wwe_alba https://t.co/Hbz0jsD70Z",WWENXT,üè¥Û†ÅßÛ†Å¢Û†Å≥Û†Å£Û†Å¥Û†Åøüî•,wwe_alba,Grabyo,2702,397
1574938065621196800,2022-09-28 01:44:30+00:00,".@damonkempwwe has completely snapped! 

#WWENXT https://t.co/6pgz8YzBDo",WWENXT,Damon Kemp,damonkempwwe,Grabyo,781,157
1574935072167366658,2022-09-28 01:32:36+00:00,".@UNBESIEGBAR_ZAR absolutely ROCKED @XyonQuinnWWE with that forearm! 

#WWENXT https://t.co/707TztAYZ3",WWENXT,"ùôÑùô°ùôüùôñ ùòøùôßùôñùôúùô™ùô£ùô§ùô´,XQ","UNBESIEGBAR_ZAR,XyonQuinnWWE",Grabyo,1003,199
1574932196405792768,2022-09-28 01:21:11+00:00,"WHO THE üòµ DID YOU EVER BEAT, DAVE?!

#WWENXT @AndreChaseWWE https://t.co/HdvKX8W3o0",WWENXT,Andre Chase,AndreChaseWWE,Grabyo,2710,473
1574931051801092097,2022-09-28 01:16:38+00:00,".@nikkita_wwe with a vicious Michinoku Driver! 

#WWENXT https://t.co/u2twDo320z",WWENXT,Nikkita Lyons,nikkita_wwe,Grabyo,1914,297
1574927963744862208,2022-09-28 01:04:21+00:00,"The numbers game catches up with @CGrimesWWE

#WWENXT @JoeGacy https://t.co/EjDWwdE6GO",WWENXT,"Cameron Grimes,Joe Gacy","CGrimesWWE,JoeGacy",Grabyo,572,106
1574925653392216066,2022-09-28 00:55:11+00:00,.@SolRucaWWE makes waves in her #WWENXT debut! ‚òÄÔ∏èüåä https://t.co/nwtaqR5FI2,WWENXT,Sol Ruca,SolRucaWWE,Grabyo,1572,275
1574922477179895808,2022-09-28 00:42:33+00:00,".@WesLee_WWE didn't want to win this way...

#WWENXT #HalloweenHavoc https://t.co/zjDGqr6KXp","WWENXT,HalloweenHavoc",Wes Lee,WesLee_WWE,Grabyo,1386,216
1574917976788287489,2022-09-28 00:24:40+00:00,"#AndNewüî•???

#WWENXT @wwe_alba @WWE_MandyRose https://t.co/Y0fs2wxqcp","AndNew,WWENXT","üè¥Û†ÅßÛ†Å¢Û†Å≥Û†Å£Û†Å¥Û†Åøüî•,Mandy","wwe_alba,WWE_MandyRose",Grabyo,3312,490
1574917463321591808,2022-09-28 00:22:38+00:00,".@WWE_MandyRose turned her lights out! üò≤üí•

#WWENXT @FallonHenleyWWE https://t.co/UcB9xvrzeF",WWENXT,"Mandy,Fallon Henley","WWE_MandyRose,FallonHenleyWWE",Grabyo,3105,374
1574914287591723008,2022-09-28 00:10:01+00:00,".@bronbreakkerwwe's math ALWAYS correct! ü§£

It'll be a TRIPLE THREAT MATCH for the #NXTTitle at #HalloweenHavoc!‚Ä¶ https://t.co/TW2UPfP6M8","NXTTitle,HalloweenHavoc",Bronson Steiner,bronbreakkerwwe,Grabyo,5887,907
1574896667626807296,2022-09-27 23:00:00+00:00,"TONIGHT on #WWENXT 

üí• @WWE_MandyRose vs. @FallonHenleyWWE 
üëÄ @wwekayden vs. @nikkita_wwe 
üíé @BrutusCreedwwe vs.‚Ä¶ https://t.co/RuQNHZUi5p",WWENXT,"Mandy,Fallon Henley,Lacey Lane,Nikkita Lyons,Brutus Creed","WWE_MandyRose,FallonHenleyWWE,wwekayden,nikkita_wwe,BrutusCreedwwe",Sprinklr Publishing,1013,199
1574875132945899526,2022-09-27 21:34:26+00:00,"Who made the biggest statement on #WWERaw last night?

#WWETop10 https://t.co/yuanvlaHkc","WWERaw,WWETop10",,,Grabyo,1008,161
1574853090481737753,2022-09-27 20:06:50+00:00,"How would you rate @SamiZayn as an ""uce""?

#TheBloodline https://t.co/Q4pmAXOtzE",TheBloodline,Sami Zayn,SamiZayn,Twitter Web App,9269,460
1574809347095420928,2022-09-27 17:13:01+00:00,Who is the kindest @WWE Superstar?,,WWE,WWE,Twitter Web App,9077,468
1574798794226638858,2022-09-27 16:31:05+00:00,WWE Champion @WWEBigE took down @fightbobby in a Steel Cage Match on this day in 2021! https://t.co/zj40kxRbCX,,"Ettore ‚ÄúBig E‚Äù Ewen,Bobby Lashley","WWEBigE,fightbobby",Grabyo,1673,151
1574790979080577026,2022-09-27 16:00:02+00:00,"Get ready for an all-new #WWENXT!

TONIGHT at 8/7c on @USA_Network. https://t.co/Q8Vx12zUXI",WWENXT,USA Network,USA_Network,Twitter Media Studio,824,118
1574783429132144642,2022-09-27 15:30:02+00:00,"It will be @EdgeRatedR vs. @FinnBalor in an ""I Quit"" Match at #ExtremeRules!

https://t.co/F2m0waftWV https://t.co/ptMmqBFPRo",ExtremeRules,"Adam (Edge) Copeland,Finn B√°lor","EdgeRatedR,FinnBalor",Sprinklr Publishing,10950,953
1574708237139591169,2022-09-27 10:31:15+00:00,"THIS FRIDAY on #SmackDown
The Bloodline!

@WWERomanReigns @WWEUsos @WWESoloSikoa @HeymanHustle @SamiZayn https://t.co/Z0Wq6MGTQO",SmackDown,"Roman Reigns,The Usos,Solo,Paul Heyman,Sami Zayn","WWERomanReigns,WWEUsos,WWESoloSikoa,HeymanHustle,SamiZayn",Grabyo,2586,364
1574633767787954176,2022-09-27 05:35:20+00:00,EXCLUSIVE: Get an up-close look at the brawl that took place after #WWERaw between @WWERollins and @SuperKingofBros! https://t.co/nBrCUpNAea,WWERaw,"Seth ‚ÄúFreakin‚Äô‚Äù Rollins,matthew riddle","WWERollins,SuperKingofBros",Grabyo,1733,296
1574610086114299906,2022-09-27 04:01:14+00:00,"EXCLUSIVE: @JohnnyGargano and @FightOwensFight have MUCH to celebrate about tonight!

#WWERaw https://t.co/cn1mFVP9Gi",WWERaw,"Johnny Gargano,Kevinn","JohnnyGargano,FightOwensFight",Grabyo,2711,395
1574606527083814930,2022-09-27 03:47:05+00:00,EXCLUSIVE: Witness the brawl that took place right after #WWERaw went off the air as @WWERollins clashed with‚Ä¶ https://t.co/7lkgrCfHVG,WWERaw,Seth ‚ÄúFreakin‚Äô‚Äù Rollins,WWERollins,Grabyo,2491,450
1574603751502946304,2022-09-27 03:36:03+00:00,"""The Honorary Uce"" @SamiZayn and @WWESoloSikoa join us on #RAWTalk!

‚ñ∂Ô∏è @peacock https://t.co/C7ZWxFrGgi",RAWTalk,"Sami Zayn,Solo,Peacock","SamiZayn,WWESoloSikoa,peacock",Grabyo,2004,331
1574597200705114112,2022-09-27 03:10:01+00:00,We've got ourselves a #LadderMatch for the #WWERaw #WomensTitle at #ExtremeRules! https://t.co/lKWXBYuG9N,"LadderMatch,WWERaw,WomensTitle,ExtremeRules",,,Twitter Web App,8034,933
1574594872878800902,2022-09-27 03:00:46+00:00,"EDGE IS BACK!

@EdgeRatedR just took out #TheJudgmentDay on #WWERaw! https://t.co/LwKxm5tzAK","TheJudgmentDay,WWERaw",Adam (Edge) Copeland,EdgeRatedR,Grabyo,10443,1440
1574592709335072776,2022-09-27 02:52:11+00:00,Can @SuperKingofBros take down @ArcherofInfamy or will it be another victory for #TheJudgmentDay on #WWERaw? https://t.co/kePqKdPE3y,"TheJudgmentDay,WWERaw","matthew riddle,Damian Priest","SuperKingofBros,ArcherOfInfamy",Grabyo,1204,246
1574589369490735105,2022-09-27 02:38:54+00:00,"Ready for #BraunStrowman, @WWEGable?

#WWERaw https://t.co/vK4MGaoJAc","BraunStrowman,WWERaw",Chad Gable,WWEGable,Grabyo,2122,276
1574589287307296783,2022-09-27 02:38:35+00:00,"NEXT MONDAY on #WWERaw

@JohnnyGargano vs. @otiswwe https://t.co/Vg3b7li1vg",WWERaw,"Johnny Gargano,OTIS (#1 GUY)","JohnnyGargano,otiswwe",Grabyo,2772,379
1574587403100192769,2022-09-27 02:31:05+00:00,#TheJudgmentDay just took out @AJStylesOrg on #WWERaw! https://t.co/xeLKOVe26f,"TheJudgmentDay,WWERaw",AJ Styles,AJStylesOrg,Grabyo,2470,417
1574582505541353472,2022-09-27 02:11:38+00:00,"""The Honorary Uce"" @SamiZayn clashes with @AJStylesOrg on #WWERaw as @WWESoloSikoa watches on! https://t.co/guN1ahBtuS",WWERaw,"Sami Zayn,AJ Styles,Solo","SamiZayn,AJStylesOrg,WWESoloSikoa",Grabyo,1750,298
1574580953502072839,2022-09-27 02:05:28+00:00,"HONORARY UCE!

@SamiZayn #WWERaw https://t.co/iZA1LUiBeZ",WWERaw,Sami Zayn,SamiZayn,Grabyo,2083,310
1574579768204345357,2022-09-27 02:00:45+00:00,"Which hockey moment does this remind you of? üèí

#WWERaw https://t.co/IPwS2nPu9F",WWERaw,,,Grabyo,1808,278
1574579477061017600,2022-09-27 01:59:36+00:00,"As @CandiceLeRae returns on #WWERaw, @WWENikkiASH just took off her mask! https://t.co/RLmGLnOe9d",WWERaw,"Candice LeRae,Nikki A.S.H","CandiceLeRae,WWENikkiASH",Grabyo,5736,882
1574578251456040960,2022-09-27 01:54:44+00:00,"YES WAY!

@CandiceLeRae is back in action on #WWERaw! https://t.co/T70T24hTLS",WWERaw,Candice LeRae,CandiceLeRae,Grabyo,2795,469
1574577612382687232,2022-09-27 01:52:11+00:00,"SURPRISE!

@CandiceLeRae has arrived on #WWERaw! https://t.co/7vHRXsfMPT",WWERaw,Candice LeRae,CandiceLeRae,Grabyo,22547,3721
1574576950806425602,2022-09-27 01:49:33+00:00,"Do you believe in miracles? YES!

Despite his best efforts with the Miz Force, @mikethemiz gets taken out backstage‚Ä¶ https://t.co/FQ8yeplhU3",,The Miz,mikethemiz,Grabyo,3318,545
1574576516872167424,2022-09-27 01:47:50+00:00,.@TheGiantOmos continues a path of destruction on #WWERaw! https://t.co/6yJdxSWHwx,WWERaw,Jordan omogbehin,TheGiantOmos,Grabyo,1171,208
1574575187328114691,2022-09-27 01:42:33+00:00,"Name this team. Wrong answers only.

#WWERaw https://t.co/kG6zehZNFY",WWERaw,,,Grabyo,3610,233
1574575166591729664,2022-09-27 01:42:28+00:00,A very SURPRISING phone call for @_Theory1 on #WWERaw... https://t.co/6pKKBUQR0k,WWERaw,Austin Theory,_Theory1,Grabyo,3560,406
1574573009414791173,2022-09-27 01:33:54+00:00,"Just a couple of GOATs.

#WWERaw https://t.co/f24cmdmNIq",WWERaw,,,Twitter Web App,8607,554
1574572651896512522,2022-09-27 01:32:29+00:00,"Back to the drawing board for @_Theory1!

#WWERaw https://t.co/dYf09BWv24",WWERaw,Austin Theory,_Theory1,Grabyo,1942,321
1574572482404687874,2022-09-27 01:31:48+00:00,"ALWAYS giving it his all ... @FightOwensFight!

#WWERaw https://t.co/oc95GqCeTl",WWERaw,Kevinn,FightOwensFight,Grabyo,1821,314
1574569324936839168,2022-09-27 01:19:15+00:00,"Wait for it.......

@FightOwensFight
#WWERaw https://t.co/UQAA8DPBu8",WWERaw,Kevinn,FightOwensFight,Grabyo,3784,518
1574568771561443329,2022-09-27 01:17:03+00:00,"Support @ConnorsCure and team up to take down cancer at https://t.co/Oy5GbkMBck

@TheVFoundation https://t.co/Qv0nT3eiGy",,"ConnorsCure,The V Foundation","ConnorsCure,TheVFoundation",Grabyo,1056,202
1574567463127117824,2022-09-27 01:11:51+00:00,"Who ya got on #WWERaw?!

@otiswwe &amp; @WWEGable vs. @JohnnyGargano &amp; @FightOwensFight!",WWERaw,"OTIS (#1 GUY),Chad Gable,Johnny Gargano,Kevinn","otiswwe,WWEGable,JohnnyGargano,FightOwensFight",Twitter Web App,605,126
1574566466736758793,2022-09-27 01:07:54+00:00,The duo of @RheaRipley_WWE &amp; @DomMysterio35 strike again on #WWERaw! https://t.co/WKI0PXk6QO,WWERaw,"RheaRipley_WWE,Dominik","RheaRipley_WWE,DomMysterio35",Grabyo,2169,359
1574563370963030017,2022-09-27 00:55:36+00:00,"It's @DomMysterio35!

#WWERaw https://t.co/xzQgpkVa85",WWERaw,Dominik,DomMysterio35,Grabyo,2232,336
1574563347185668097,2022-09-27 00:55:30+00:00,An emotional @reymysterio brings the fight to @WWERollins on #WWERaw! https://t.co/VXuSanqfd6,WWERaw,"‚ôõRey Mysterio‚ùî,Seth ‚ÄúFreakin‚Äô‚Äù Rollins","reymysterio,WWERollins",Grabyo,1199,260
1574561202079924244,2022-09-27 00:46:59+00:00,"Speaking of #ExtremeRules........

#WWERaw https://t.co/Zwih5Pk9DX","ExtremeRules,WWERaw",,,Grabyo,3116,445
1574559208116191260,2022-09-27 00:39:03+00:00,"GO GO Miz Force!

@mikethemiz
#WWERaw https://t.co/g7d9zF3WFP",WWERaw,The Miz,mikethemiz,Grabyo,4120,452
1574558748961538057,2022-09-27 00:37:14+00:00,"Security or choir?

@mikethemiz #WWERaw https://t.co/imt1LEIkhX",WWERaw,The Miz,mikethemiz,Grabyo,2210,260
1574557600468828161,2022-09-27 00:32:40+00:00,"Who ya got?!

@reymysterio vs. @WWERollins 
#WWERaw",WWERaw,"‚ôõRey Mysterio‚ùî,Seth ‚ÄúFreakin‚Äô‚Äù Rollins","reymysterio,WWERollins",Twitter Web App,665,127
1574557471644975117,2022-09-27 00:32:09+00:00,"UP NEXT on #WWERaw 

@reymysterio vs. @WWERollins!",WWERaw,"‚ôõRey Mysterio‚ùî,Seth ‚ÄúFreakin‚Äô‚Äù Rollins","reymysterio,WWERollins",Twitter Web App,1234,163
1574556286850662400,2022-09-27 00:27:27+00:00,#WWERaw Women's Champion @BiancaBelairWWE takes on #IYOSKY as @itsBayleyWWE watches very closely! https://t.co/o9Qpans4GK,"WWERaw,IYOSKY","Bianca Belair,Bayley","BiancaBelairWWE,itsBayleyWWE",Grabyo,1717,353
1574553443460579340,2022-09-27 00:16:09+00:00,"The Honorary Uce is in the house!

@SamiZayn and @WWESoloSikoa have arrived on #WWERaw! https://t.co/RT4Tb4BxNB",WWERaw,"Sami Zayn,Solo","SamiZayn,WWESoloSikoa",Grabyo,3480,510
1574552336411803648,2022-09-27 00:11:45+00:00,"""At #ExtremeRules, I feel like winning the #WWERaw #WomensTitle in a #LadderMatch!"" https://t.co/5SBqBAYTzx","ExtremeRules,WWERaw,WomensTitle,LadderMatch",,,Twitter Web App,7266,750
1574551884089655308,2022-09-27 00:09:57+00:00,Who has the better outfit ... #WWERaw Women's Champion @BiancaBelairWWE or @itsBayleyWWE? https://t.co/WOA1CjG5ZK,WWERaw,"Bianca Belair,Bayley","BiancaBelairWWE,itsBayleyWWE",Grabyo,1428,273
1574549386062798849,2022-09-27 00:00:02+00:00,#WWERaw starts RIGHT NOW!,WWERaw,,,Twitter Web App,2368,249
1574534282281975808,2022-09-26 23:00:00+00:00,"5 blockbuster matchups headline a can't-miss night of action TONIGHT on #WWERaw! 

üì∫ 8/7c @USA_Network https://t.co/G1Si2Mw1Zg",WWERaw,USA Network,USA_Network,Sprinklr Publishing,784,143
1574531315952717825,2022-09-26 22:48:13+00:00,"Ready for some @JohnnyGargano TONIGHT on #WWERaw?!

üì∫ 8/7c @USA_Network https://t.co/Mu5BLCdGKX",WWERaw,"Johnny Gargano,USA Network","JohnnyGargano,USA_Network",Twitter Web App,4342,381
1574519180912631809,2022-09-26 22:00:00+00:00,The Phenomenal @AJStylesOrg throws down with the Honorary Uce @SamiZayn TONIGHT on #WWERaw!‚Ä¶ https://t.co/tN64Vagwcb,WWERaw,"AJ Styles,Sami Zayn","AJStylesOrg,SamiZayn",Sprinklr Publishing,2282,293
1574504082286469169,2022-09-26 21:00:00+00:00,"A rivalry is renewed TONIGHT on #WWERaw! @WWERollins @reymysterio 

https://t.co/lXlgDp0OaE https://t.co/RF1zDTk9aS",WWERaw,"Seth ‚ÄúFreakin‚Äô‚Äù Rollins,‚ôõRey Mysterio‚ùî","WWERollins,reymysterio",Sprinklr Publishing,3690,402
1574488980573372430,2022-09-26 20:00:00+00:00,"What was @Goldberg's BIGGEST Jackhammer?

#Goldberg25 @tiktok_us https://t.co/mA9A3Dt2Af",Goldberg25,"Bill Goldberg,TikTok US","Goldberg,tiktok_us",Sprinklr Publishing,2091,267
1574473883658469397,2022-09-26 19:00:00+00:00,.@FightOwensFight &amp; @JohnnyGargano team up to take on @WWEGable &amp; @otiswwe TONIGHT on #WWERaw!‚Ä¶ https://t.co/rABkyUSyB0,WWERaw,"Kevinn,Johnny Gargano,Chad Gable,OTIS (#1 GUY)","FightOwensFight,JohnnyGargano,WWEGable,otiswwe",Sprinklr Publishing,2079,301
1574458781790081042,2022-09-26 18:00:00+00:00,Watch every televised match from @Goldberg‚Äôs legendary 173-match winning streak to start his career. #Goldberg25‚Ä¶ https://t.co/koBXFPzQ6v,Goldberg25,Bill Goldberg,Goldberg,Sprinklr Publishing,737,119
1574443686942969863,2022-09-26 17:00:01+00:00,".@BiancaBelairWWE is set to go one-on-one with #IYOSKY tonight on #WWERaw 

https://t.co/7z5TrCFhxt https://t.co/9JPi7HCVvX","IYOSKY,WWERaw",Bianca Belair,BiancaBelairWWE,Sprinklr Publishing,3438,423
1574428591256920065,2022-09-26 16:00:02+00:00,".@TrueKofi's pancake aim is always perfect ü§£

Happy #NationalPancakeDay ü•û https://t.co/jWzx8pFM98",NationalPancakeDay,Kofi ‚ÄúBlack Thor‚Äù Kingston,TrueKofi,Sprinklr Publishing,1240,172
1574417261355565059,2022-09-26 15:15:01+00:00,"Happy birthday to the powerhouse of The #JudgmentDay, @ArcherOfInfamy üèπ https://t.co/DgOhYIVTLI",JudgmentDay,Damian Priest,ArcherOfInfamy,Sprinklr Publishing,5484,500
1574413486377017345,2022-09-26 15:00:00+00:00,"Don't miss out on the action! #RoyalRumble tickets available this Friday! 

Pre-Register: https://t.co/GRL6Df8876 https://t.co/ZIvIkKHId3",RoyalRumble,,,Sprinklr Publishing,3863,493
1574398737815928841,2022-09-26 14:01:24+00:00,"Asuka, it's your birthday. Happy birthday, @WWEAsuka! https://t.co/si6pQyLreX",,ASUKA / ÊòéÊó•ËèØ,WWEAsuka,Sprinklr Publishing,15688,1523
1574217190173294592,2022-09-26 02:00:00+00:00,"Champ stuff

#SmackDown @YaOnlyLivvOnce https://t.co/hEOEDta7zl",SmackDown,LIV Morgan,YaOnlyLivvOnce,Sprinklr Publishing,7608,690
1574186993843593217,2022-09-26 00:00:00+00:00,"Would you have taken a swing at @DomMysterio35?

#WWERaw @reymysterio https://t.co/YsK0ArGIBs",WWERaw,"Dominik,‚ôõRey Mysterio‚ùî","DomMysterio35,reymysterio",Sprinklr Publishing,2481,215
1574156792447352838,2022-09-25 22:00:00+00:00,".@RheaRipley_WWE and @DomMysterio35 were laughing watching @reymysterio get picked apart. üò≥

#WWERaw @ArcherOfInfamy https://t.co/sd4XYcNINC",WWERaw,"RheaRipley_WWE,Dominik,‚ôõRey Mysterio‚ùî,Damian Priest","RheaRipley_WWE,DomMysterio35,reymysterio,ArcherOfInfamy",Sprinklr Publishing,1393,187
1574141695112904704,2022-09-25 21:00:00+00:00,"Acknowledge happiness. üôå

#HonoraryUce @SamiZayn https://t.co/nG8pHQgAAP",HonoraryUce,Sami Zayn,SamiZayn,Sprinklr Publishing,8518,716
1574126593555177474,2022-09-25 20:00:00+00:00,.@WWERollins' Pedigree is the ultimate Spear kryptonite https://t.co/PQooQNu8QK,,Seth ‚ÄúFreakin‚Äô‚Äù Rollins,WWERollins,Sprinklr Publishing,8307,639
1574096396608847873,2022-09-25 18:00:00+00:00,"Doesn‚Äôt get any smoother than #EddieGuerrero üôåüî•

#HispanicHeritageMonth https://t.co/dpFHELkFDs","EddieGuerrero,HispanicHeritageMonth",,,Sprinklr Publishing,5595,820
1574066197972353024,2022-09-25 16:00:00+00:00,"Who snapped the most must-see Instagram photos of the week? 

üì∏ https://t.co/zHHU74kJsb https://t.co/JOad5Vzv3z",,,,Sprinklr Publishing,4574,267
1574060896141328391,2022-09-25 15:38:56+00:00,"Following a heated exchange over social media, @AJStylesOrg and @SamiZayn will throw down tomorrow night on #WWERaw‚Ä¶ https://t.co/2339PiTLLr",WWERaw,"AJ Styles,Sami Zayn","AJStylesOrg,SamiZayn",Sprinklr Publishing,11822,989
1574051096061960193,2022-09-25 15:00:00+00:00,"""Double Spear!!!"" 

#Goldberg25 @Goldberg @WWERomanReigns https://t.co/ZRkfb1Sp2k",Goldberg25,"Bill Goldberg,Roman Reigns","Goldberg,WWERomanReigns",Sprinklr Publishing,3529,416
1573998705551835141,2022-09-25 11:31:49+00:00,"The #BrawlingBrutes battle The @WWEUsos for the Undisputed WWE Tag Team Championship. 

@RidgeWWE @PeteDunneYxB‚Ä¶ https://t.co/HGKyN2tQYJ",BrawlingBrutes,"The Usos,Ridge Holland,Pete ‚ÄòBUTCH‚Äô Dunne","WWEUsos,RidgeWWE,PeteDunneYxB",Grabyo,2072,205
1573983605923143683,2022-09-25 10:31:49+00:00,".@RaquelWWE takes on her one-time #WWENXT cohort @ImKingKota. 

@itsBayleyWWE @shirai_io #SmackDown https://t.co/KlqDTnVKuG","WWENXT,SmackDown","Raquel,ùñàùñçùñÜùñóùñëùñéùñäùñåùñéùñóùñë üéÆ,Bayley,Place Holder","RaquelWWE,ImKingKota,itsBayleyWWE,shirai_io",Grabyo,972,134
1573968481455935490,2022-09-25 09:31:43+00:00,".@DMcIntyreWWE lays out a challenge to @realKILLERkross for #ExtremeRules. 

@Lady_Scarlett13 #SmackDown https://t.co/2aoB0ST7HB","ExtremeRules,SmackDown","Drew McIntyre,Karrion Kross,Scarlett Bordeaux","DMcIntyreWWE,realKILLERkross,Lady_Scarlett13",Grabyo,903,135
1573953396939292677,2022-09-25 08:31:47+00:00,.@otiswwe takes on Braun Strowman in a battle of two of the most powerful Superstars in WWE. #SmackDown https://t.co/KWHWrhmX0b,SmackDown,OTIS (#1 GUY),otiswwe,Grabyo,1424,146
1573938304176848897,2022-09-25 07:31:48+00:00,#TheNewDay locks horns with #SmackDown's resident fashionistas Maximum Male Models. https://t.co/SQfCFvRQIh,"TheNewDay,SmackDown",,,Grabyo,659,91
1573923192900575232,2022-09-25 06:31:45+00:00,".@WWESoloSikoa helps @SamiZayn as WWE reflects on The @WWEUsos' dominance.

@HeymanHustle #SmackDown https://t.co/MM87hswZ3g",SmackDown,"Solo,Sami Zayn,The Usos,Paul Heyman","WWESoloSikoa,SamiZayn,WWEUsos,HeymanHustle",Grabyo,1097,160
1573916380230885376,2022-09-25 06:04:41+00:00,.@WWEUsos &amp; @WWESoloSikoa teamed up for the first time EVER tonight at #WWEStockton! https://t.co/kSnYbrCaqL,WWEStockton,"The Usos,Solo","WWEUsos,WWESoloSikoa",Twitter for iPhone,4193,473
1573914197275987972,2022-09-25 05:56:01+00:00,.@YaOnlyLivvOnce does it all! #WWEStockton https://t.co/C7zcU5343Y,WWEStockton,LIV Morgan,YaOnlyLivvOnce,Twitter for iPhone,9524,780
1573908021784334339,2022-09-25 05:31:28+00:00,#HitRow hosts a VIP Viewing Party for #SmackDown's Superstars. https://t.co/OYYQmGwsgk,"HitRow,SmackDown",,,Grabyo,723,108
1573892995765633025,2022-09-25 04:31:46+00:00,#SmackDown Women's Champion @YaOnlyLivvOnce proves that she can go extreme against @LaceyEvansWWE. https://t.co/zHtwT0kyEb,SmackDown,"LIV Morgan,Lacey Evans ~ WWE Superstar.","YaOnlyLivvOnce,LaceyEvansWWE",Grabyo,1798,247
1573880873673441281,2022-09-25 03:43:36+00:00,Tick Tock @DMcIntyreWWE ‚è≥‚åõÔ∏è https://t.co/5gu3Opypl4,,Drew McIntyre,DMcIntyreWWE,Twitter for iPhone,9049,648
1573877893377277954,2022-09-25 03:31:45+00:00,".@WWERomanReigns officially acknowledges @SamiZayn as the Honorary Uce of #TheBloodline. 

@WWESoloSikoa @WWEUsos‚Ä¶ https://t.co/4Q8DIhXStR",TheBloodline,"Roman Reigns,Sami Zayn,Solo,The Usos","WWERomanReigns,SamiZayn,WWESoloSikoa,WWEUsos",Grabyo,2794,427
1573794405013757955,2022-09-24 22:00:00+00:00,".@SamiZayn went through a rollercoaster of emotions on #SmackDown, @YaOnlyLivvOnce wants @RondaRousey to know how e‚Ä¶ https://t.co/6DnQZCaYY3",SmackDown,"Sami Zayn,LIV Morgan,Ronda Rousey","SamiZayn,YaOnlyLivvOnce,RondaRousey",Sprinklr Publishing,1755,276
1573779304818802693,2022-09-24 21:00:00+00:00,"It was a wild night on the blue brand, but who took home the top spot in this week's #SmackDown #WWETop10? https://t.co/a95f9zVxdv","SmackDown,WWETop10",,,Sprinklr Publishing,1250,156
1573749108501893120,2022-09-24 19:00:00+00:00,"‚ÄúThe Demon has risen!‚Äù

#SmackDown 9/24/21 https://t.co/zJie6UFo06",SmackDown,,,Sprinklr Publishing,5688,443
1573734029769187328,2022-09-24 18:00:05+00:00,What was your reaction to @SamiZayn officially becoming the Honorary Uce of #TheBloodline last night on #SmackDown?,"TheBloodline,SmackDown",Sami Zayn,SamiZayn,Twitter Web App,4354,256
1573714136856498178,2022-09-24 16:41:03+00:00,The EST of @CollegeGameDay https://t.co/hV8bWzY6CV,,College GameDay,CollegeGameDay,Twitter Web App,9296,772
1573705496548237313,2022-09-24 16:06:43+00:00,You rocking with @BiancaBelairWWE‚Äôs Tennessee Volunteers or @TitusOneilWWE‚Äôs Florida Gators? Support your team with‚Ä¶ https://t.co/nQMKtfZsvJ,,"Bianca Belair,Titus O'Neil","BiancaBelairWWE,TitusONeilWWE",Sprinklr Publishing,639,106
1573673611960979457,2022-09-24 14:00:01+00:00,Wishing a happy birthday to @SonyaDevilleWWE! https://t.co/FnlwNIpZRr,,The OFFICIAL Boss,SonyaDevilleWWE,Sprinklr Publishing,8236,588
1573659789552492546,2022-09-24 13:05:05+00:00,"NEXT WEEK on #SmackDown!

üëä Shotzi goes one-on-one with @itsBayleyWWE 
‚òùÔ∏è @MadcapMoss &amp; @KingRicochet take on‚Ä¶ https://t.co/R04QimKCgI",SmackDown,"Bayley,Madcap Moss,Ricochet","itsBayleyWWE,MadcapMoss,KingRicochet",Sprinklr Publishing,2694,406
1573643410665250818,2022-09-24 12:00:00+00:00,"Join us in wishing a happy birthday to WWE Chairwoman &amp; Co-CEO, @StephMcMahon! https://t.co/EkrYaJsltF",,Stephanie McMahon,StephMcMahon,Sprinklr Publishing,30706,2312
1573537714498043904,2022-09-24 05:00:00+00:00,"#Imperium's surprise attack helps The @WWEUsos retain against The #BrawlingBrutes 

Full #SmackDown results üëâ‚Ä¶ https://t.co/mG5kdEFgkZ","Imperium,BrawlingBrutes,SmackDown",The Usos,WWEUsos,Sprinklr Publishing,2049,198
1573510219887517704,2022-09-24 03:10:45+00:00,"Following their attack on #HitRow, #LosLotharios explain that they weren‚Äôt invited to the VIP Watch Party, they inv‚Ä¶ https://t.co/J5fyRkQRZA","HitRow,LosLotharios",,,Sprinklr Publishing,758,139
1573508118587314177,2022-09-24 03:02:24+00:00,"Shotzi says it‚Äôs easy to be intimidating 3-on-1 but, going forward, #DamageCTRL can expect the Ballsy Badass to be‚Ä¶ https://t.co/jKy94EMwlU",DamageCTRL,,,Sprinklr Publishing,1342,246
1573504884082712584,2022-09-24 02:49:33+00:00,"Time is running out! At #ExtremeRules, @DMcIntyreWWE will tangle with @realKILLERkross in a Strap Match.‚Ä¶ https://t.co/UUwHFhVnAH",ExtremeRules,"Drew McIntyre,Karrion Kross","DMcIntyreWWE,realKILLERkross",Sprinklr Publishing,7860,839
1573492958543888397,2022-09-24 02:02:10+00:00,"Stronger than ever ‚òùÔ∏è

#TheBloodline #SmackDown https://t.co/WgujzhPstk","TheBloodline,SmackDown",,,Grabyo,3119,520
1573491821702955024,2022-09-24 01:57:39+00:00,"‚òùÔ∏è‚òùÔ∏è‚òùÔ∏è

#AndStill the WWE Undisputed Tag Team Champions, the @WWEUsos! #SmackDown https://t.co/Ys1OnxHVSr","AndStill,SmackDown",The Usos,WWEUsos,Twitter Web App,12731,1300
1573491318806003713,2022-09-24 01:55:39+00:00,"THIS MATCH IS CHAOS!

@WWEUsos @PeteDunneYxB @RidgeWWE #SmackDown https://t.co/0OwKLEB9eh",SmackDown,"The Usos,Pete ‚ÄòBUTCH‚Äô Dunne,Ridge Holland","WWEUsos,PeteDunneYxB,RidgeWWE",Grabyo,2402,429
1573487899185651739,2022-09-24 01:42:03+00:00,Who leaves #SmackDown as the WWE Undisputed Tag Team Champion?,SmackDown,,,Twitter Web App,975,147
1573487511841677313,2022-09-24 01:40:31+00:00,"Way to ruin the party @AngelGarzaWwe and @humberto_wwe... 

@TheVibeBri @tehutimiles @AJFrancis410 #SmackDown https://t.co/uuMAGqXR9j",SmackDown,"Angel Garza,Humberto Carrillo,Briana Brandy,Tehuti Miles,Top Dolla üîùüíµ","AngelGarzaWwe,humberto_wwe,TheVibeBri,tehutimiles,AJFrancis410",Grabyo,1278,247
1573486354255716365,2022-09-24 01:35:55+00:00,"Safe to say @RaquelWWE &amp; Shotzi and #DamageCTRL aren't too fond of each other.

#SmackDown https://t.co/onI38B8t70","DamageCTRL,SmackDown",Raquel,RaquelWWE,Grabyo,1519,308
1573485018898374664,2022-09-24 01:30:37+00:00,".@realKILLERkross and @Lady_Scarlett13 got @DMcIntyreWWE to do exactly what they wanted... 

#SmackDown https://t.co/I9VC7mbS5s",SmackDown,"Karrion Kross,Scarlett Bordeaux,Drew McIntyre","realKILLERkross,Lady_Scarlett13,DMcIntyreWWE",Grabyo,2440,422
1573480625608302592,2022-09-24 01:13:09+00:00,"Beware @Gunther_AUT, @WWESheamus is coming for that #ICTitle.

#SmackDown https://t.co/L4xhWgSbkY","ICTitle,SmackDown","GUNTHER,Sheamus","Gunther_AUT,WWESheamus",Grabyo,1674,314
1573479954213380104,2022-09-24 01:10:29+00:00,"THAT'S A 360-POUND (!!!) POWERBOMB BY BRAUN STROWMAN ü§Ø

#SmackDown https://t.co/ewk5LEAWrh",SmackDown,,,Grabyo,2885,435
1573477757027229704,2022-09-24 01:01:45+00:00,"Brace yourselves for this one. 

#SmackDown https://t.co/Bz7vGpO02r",SmackDown,,,Grabyo,4119,373
1573476622006640640,2022-09-24 00:57:15+00:00,"Has @MaxDupri reached his boiling point with Maximum Male Models?!

Yeah or no?

#SmackDown https://t.co/1eFVfGBjsd",SmackDown,Max Dupri,MaxDupri,Grabyo,3618,446
1573474132028694531,2022-09-24 00:47:21+00:00,".@WWESoloSikoa has always got the Honorary Uce's back ‚òùÔ∏è

@SamiZayn #SmackDown https://t.co/22C6en0YXo",SmackDown,"Solo,Sami Zayn","WWESoloSikoa,SamiZayn",Grabyo,9172,1043
1573473010320871424,2022-09-24 00:42:54+00:00,"You want extreme?! @Yaonlylivvonce can go EXTREME!

CC: @rondarousey

#SmackDown https://t.co/Qaa6RmhNor",SmackDown,"LIV Morgan,Ronda Rousey","YaOnlyLivvOnce,RondaRousey",Grabyo,9104,1453
1573468354915991560,2022-09-24 00:24:24+00:00,".@SamiZayn has OFFICIALLY become the Honorary Uce of #TheBloodline!

@WWERomanReigns @HeymanHustle #SmackDown https://t.co/kDEuGLGkNX","TheBloodline,SmackDown","Sami Zayn,Roman Reigns,Paul Heyman","SamiZayn,WWERomanReigns,HeymanHustle",Grabyo,28371,4103
1573463708495380503,2022-09-24 00:05:56+00:00,"It goes down at #CrownJewel!

@WWERomanReigns vs. @LoganPaul for the Undisputed WWE Universal Championship‚Ä¶ https://t.co/d3ILZ3PhSv",CrownJewel,"Roman Reigns,Logan Paul","WWERomanReigns,LoganPaul",Grabyo,5115,682
1573463235524804614,2022-09-24 00:04:03+00:00,"Acknowledge #TheBloodline ‚òùÔ∏è

#SmackDown https://t.co/gx7ziQC4CM","TheBloodline,SmackDown",,,Grabyo,10127,1788
1573462248428797980,2022-09-24 00:00:08+00:00,#SmackDown starts RIGHT NOW!,SmackDown,,,Twitter Web App,1837,209
1573454827799052291,2022-09-23 23:30:38+00:00,#SmackDown predictions ‚§µÔ∏è,SmackDown,,,Twitter Web App,2579,191
1573434630887428113,2022-09-23 22:10:23+00:00,BREAKING NEWS: @WWESheamus will challenge @Gunther_AUT for the #ICTitle on the season premiere of #SmackDown on Oct‚Ä¶ https://t.co/lv3rgVtEHm,"ICTitle,SmackDown","Sheamus,GUNTHER","WWESheamus,Gunther_AUT",Sprinklr Publishing,12158,1312
1573432016024096774,2022-09-23 22:00:00+00:00,"Tonight on #SmackDown! 

‚òùÔ∏è @WWERomanReigns is back!
ü©∏ @WWEUsos defend against The Brawling Brutes
üëä Braun Strowman‚Ä¶ https://t.co/fHcc5AN69o",SmackDown,"Roman Reigns,The Usos","WWERomanReigns,WWEUsos",Sprinklr Publishing,1219,225
1573401821124722696,2022-09-23 20:00:01+00:00,The Brawling Brutes challenge the @WWEUsos for the Undisputed WWE Tag Team Championships TONIGHT on #SmackDown!‚Ä¶ https://t.co/ohz6V9psGq,SmackDown,The Usos,WWEUsos,Sprinklr Publishing,3010,357
1573371620546183170,2022-09-23 18:00:00+00:00,"Braun Strowman returns to in-ring action in a battle with @otiswwe TONIGHT on #SmackDown! 

https://t.co/s40EcbuJlW https://t.co/FRZWofajKW",SmackDown,OTIS (#1 GUY),otiswwe,Sprinklr Publishing,2377,258
1573356519210553347,2022-09-23 17:00:00+00:00,"Look back at the unforgettable 2014 rivalry between the @BellaTwins, starting with a heartbreaking betrayal at‚Ä¶ https://t.co/slavxOrv81",,Nikki & Brie,BellaTwins,Sprinklr Publishing,1347,154
1573341418873036801,2022-09-23 16:00:00+00:00,"What will the Head of the Table have to say TONIGHT on #SmackDown? 

@WWERomanReigns @HeymanHustle‚Ä¶ https://t.co/1ibmYlZxqj",SmackDown,"Roman Reigns,Paul Heyman","WWERomanReigns,HeymanHustle",Sprinklr Publishing,10596,1176
1573326321958223876,2022-09-23 15:00:00+00:00,The All Mighty arrival of @fightbobby took place on this day in 2005! https://t.co/4nX4aEN0uU,,Bobby Lashley,fightbobby,Sprinklr Publishing,1478,190
1573296124588335107,2022-09-23 13:00:01+00:00,"Happy birthday to one half of Los Lotharios, @AngelGarzaWwe üåπ https://t.co/57SAMNRTSZ",,Angel Garza,AngelGarzaWwe,Sprinklr Publishing,3679,237
1573251212018868226,2022-09-23 10:01:33+00:00,"After #DamageCTRL put the boots to @BiancaBelairWWE, @WWEAsuka and @AlexaBliss_WWE, The Role Model challenges Belai‚Ä¶ https://t.co/ZYmSc2mDyR",DamageCTRL,"Bianca Belair,ASUKA / ÊòéÊó•ËèØ,Lexi (Kaufman) Cabrera","BiancaBelairWWE,WWEAsuka,AlexaBliss_WWE",Grabyo,732,130
1573221065412808704,2022-09-23 08:01:45+00:00,.@AlexaBliss_WWE and @itsBayleyWWE face off in the ring for the first time in more than two years with #DamageCTRL‚Ä¶ https://t.co/Axpabfc7nv,DamageCTRL,"Lexi (Kaufman) Cabrera,Bayley","AlexaBliss_WWE,itsBayleyWWE",Grabyo,867,151
1573190762661138432,2022-09-23 06:01:20+00:00,"After celebrating their win over @reymysterio and @SuperKingofBros, the leader of #TheJudgmentDay attempts to get‚Ä¶ https://t.co/nJAQLvoC0G",TheJudgmentDay,"‚ôõRey Mysterio‚ùî,matthew riddle","reymysterio,SuperKingofBros",Grabyo,1219,156
1573160661714083840,2022-09-23 04:01:44+00:00,"After @mikethemiz invited @DexterWWE to hash out their differences on ‚ÄúMiz TV,‚Äù the bizarre Superstar once again tr‚Ä¶ https://t.co/Hy10A3phXo",,"The Miz,Dexter Lumis","mikethemiz,DexterWWE",Grabyo,710,118
1573084727686447105,2022-09-22 23:00:00+00:00,".@HeymanHustle wasn't a huge fan of that particular @SamiZayn idea.

@WWERomanReigns @LoganPaul https://t.co/U1uoFUoYwE",,"Paul Heyman,Sami Zayn,Roman Reigns,Logan Paul","HeymanHustle,SamiZayn,WWERomanReigns,LoganPaul",Sprinklr Publishing,2092,231
1573054529968414722,2022-09-22 21:00:00+00:00,"Look back at @Goldberg's 25 greatest moments in this special #Goldberg25 edition of #WWETop10 

‚ñ∂Ô∏è‚Ä¶ https://t.co/lDjT5MrUO0","Goldberg25,WWETop10",Bill Goldberg,Goldberg,Sprinklr Publishing,1100,113
1573024329729970176,2022-09-22 19:00:00+00:00,"Did @WWESoloSikoa want @SamiZayn in his corner over his own brothers? üò≥ 

#TheBloodline @WWEUsos https://t.co/OtEyF7WPda",TheBloodline,"Solo,Sami Zayn,The Usos","WWESoloSikoa,SamiZayn,WWEUsos",Sprinklr Publishing,6470,500
1573017540775018496,2022-09-22 18:33:01+00:00,The Official @EdmontonOilers x WWE Co-Brand Tee is available exclusively at @RogersPlace when Monday Night #WWERaw‚Ä¶ https://t.co/QdCugdj5WY,WWERaw,"Edmonton Oilers,Rogers Place","EdmontonOilers,RogersPlace",Sprinklr Publishing,901,126
1573009230877323264,2022-09-22 18:00:00+00:00,.@RidgeWWE was doing superhuman things on #SmackDown üò± https://t.co/5zK6oUpEkV,SmackDown,Ridge Holland,RidgeWWE,Sprinklr Publishing,1495,153
1572994137842151424,2022-09-22 17:00:01+00:00,"Nailed it ü§£

#NewDay #Imperium @TrueKofi @AustinCreedWins https://t.co/hxDRpT3dzi","NewDay,Imperium","Kofi ‚ÄúBlack Thor‚Äù Kingston,Austin Creed","TrueKofi,AustinCreedWins",Sprinklr Publishing,6646,493
1572979035738873857,2022-09-22 16:00:01+00:00,"Two iconic luchadores doing amazing things in 1996. üôå

#HispanicHeritageMonth @reymysterio https://t.co/c17KNQ7kTb",HispanicHeritageMonth,‚ôõRey Mysterio‚ùî,reymysterio,Sprinklr Publishing,2782,383
1572963934168047616,2022-09-22 15:00:00+00:00,"1-0 on this day in 1997 for the legendary @Goldberg! 

#Goldberg25 https://t.co/rsdF0t1G3H",Goldberg25,Bill Goldberg,Goldberg,Sprinklr Publishing,1326,171
1572949174835896320,2022-09-22 14:01:21+00:00,"After each interfered in the other‚Äôs matches, @WWERollins &amp; @SuperKingofBros agree to take their animosity to the F‚Ä¶ https://t.co/m6X6aV9sp2",,"Seth ‚ÄúFreakin‚Äô‚Äù Rollins,matthew riddle","WWERollins,SuperKingofBros",Grabyo,1018,143
1572919167975657473,2022-09-22 12:02:07+00:00,".@reymysterio and @SuperKingofBros team up for the first time as they battle #TheJudgmentDay!

#WWERaw https://t.co/dedCw6q7Th","TheJudgmentDay,WWERaw","‚ôõRey Mysterio‚ùî,matthew riddle","reymysterio,SuperKingofBros",Grabyo,850,118
1572888866402750464,2022-09-22 10:01:43+00:00,"After taking out @EdgeRatedR last week, @DomMysterio35 expresses his gratitude for his ‚Äúreal family,‚Äù‚Ä¶ https://t.co/FN880aQu07",,"Adam (Edge) Copeland,Dominik","EdgeRatedR,DomMysterio35",Grabyo,750,117
1572858619259138048,2022-09-22 08:01:31+00:00,"#AlphaAcademy berates Raw‚Äôs newest Superstar about his actions against @_Theory1 earlier in the evening, but‚Ä¶ https://t.co/JDIm5xz7sT",AlphaAcademy,Austin Theory,_Theory1,Grabyo,722,108
1572828409755205633,2022-09-22 06:01:29+00:00,".@reymysterio‚Äôs son has still not spoken to him, but The Master of the 619 is ready to bring down the hammer of jus‚Ä¶ https://t.co/dk6Pao4GGp",,‚ôõRey Mysterio‚ùî,reymysterio,Grabyo,651,93
1572798285101801473,2022-09-22 04:01:47+00:00,"Before @RidgeWWE  &amp; @PeteDunneYxB face off against The @WWEUsos, they must contend with #TheStreetProfits on‚Ä¶ https://t.co/ds8xtgKLaQ",TheStreetProfits,"Ridge Holland,Pete ‚ÄòBUTCH‚Äô Dunne,The Usos","RidgeWWE,PeteDunneYxB,WWEUsos",Grabyo,581,87
1572782739262263301,2022-09-22 03:00:00+00:00,"Who made the biggest impact this week on #WWENXT? 

#WWETop10 https://t.co/95xQW6ivip","WWENXT,WWETop10",,,Sprinklr Publishing,821,104
1572767638660747264,2022-09-22 02:00:00+00:00,.@mikethemiz: Minion puncher https://t.co/rMbCh9wCXr,,The Miz,mikethemiz,Sprinklr Publishing,2568,201
1572737442935087105,2022-09-22 00:00:01+00:00,"That Bro 2Ô∏è‚É£ Sleep had @ArcherOfInfamy wobbling! üò¥

#WWERaw @SuperKingofBros https://t.co/GDufWmQ4BW",WWERaw,"Damian Priest,matthew riddle","ArcherOfInfamy,SuperKingofBros",Sprinklr Publishing,1397,121
1572707240015962113,2022-09-21 22:00:00+00:00,"The WWE Universe had NO LOVE for @DomMysterio35 on #WWERaw üîä

@RheaRipley_WWE @ArcherOfInfamy https://t.co/wbyqs3dzYb",WWERaw,"Dominik,RheaRipley_WWE,Damian Priest","DomMysterio35,RheaRipley_WWE,ArcherOfInfamy",Sprinklr Publishing,1773,233
1572692142346342400,2022-09-21 21:00:00+00:00,"Trash talk @FightOwensFight at your own risk...

#WWERaw @_Theory1 https://t.co/K0941CaNgp",WWERaw,"Kevinn,Austin Theory","FightOwensFight,_Theory1",Sprinklr Publishing,1585,152
1572677041002094592,2022-09-21 20:00:00+00:00,"NXT Champion @bronbreakkerwwe honors @ConnorsCure Thriver Landon ‚ÄúThe Conqueror‚Äù Chase on #WWENXT 

@TheVFoundation https://t.co/qkKXlycoXF",WWENXT,"Bronson Steiner,ConnorsCure,The V Foundation","bronbreakkerwwe,ConnorsCure,TheVFoundation",Sprinklr Publishing,721,124
1572661944716500994,2022-09-21 19:00:00+00:00,"""I'm the greatest of all time, kid."" ‚òùÔ∏è

@WWERomanReigns https://t.co/5abMHGsXGl",,Roman Reigns,WWERomanReigns,Sprinklr Publishing,10904,1271
1572661944565243906,2022-09-21 19:00:00+00:00,"Text WWE at 203-442-9100 for a chance to chat with your favorite WWE Superstar! üåü

üì≤ https://t.co/ofp5MZdDRh https://t.co/kQjO4hwMW0",,,,Sprinklr Publishing,2890,339
1572648422548586498,2022-09-21 18:06:16+00:00,.@ArcherOfInfamy is a proud ambassador for Hispanic culture and is happy that he can share his story to educate oth‚Ä¶ https://t.co/9oN3FizcOZ,,Damian Priest,ArcherOfInfamy,Grabyo,883,167
1572646399220776960,2022-09-21 17:58:14+00:00,"""I'm definitely more confident in myself""

@RheaRipley_WWE reflects on what's changed for her in the last year.‚Ä¶ https://t.co/xJUcRgH6EH",,RheaRipley_WWE,RheaRipley_WWE,Grabyo,1680,223
1572644163711107077,2022-09-21 17:49:21+00:00,What does #TheJudgmentDay do for fun when they're not beating up @reymysterio and @EdgeRatedR on #WWERaw?‚Ä¶ https://t.co/5MaAFILvl9,"TheJudgmentDay,WWERaw","‚ôõRey Mysterio‚ùî,Adam (Edge) Copeland","reymysterio,EdgeRatedR",Grabyo,1397,205
1572641229560774658,2022-09-21 17:37:42+00:00,"Did #TheJudgmentDay's @RheaRipley_WWE, @ArcherOfInfamy and @FinnBalor push @DomMysterio35 to betray his father?‚Ä¶ https://t.co/jNts66NAss",TheJudgmentDay,"RheaRipley_WWE,Damian Priest,Finn B√°lor,Dominik","RheaRipley_WWE,ArcherOfInfamy,FinnBalor,DomMysterio35",Grabyo,985,172
1572640248135393286,2022-09-21 17:33:48+00:00,"Do you think @AJStylesOrg should join #TheJudgmentDay? 

#WWETheBump https://t.co/xDqQr2SrdU","TheJudgmentDay,WWETheBump",AJ Styles,AJStylesOrg,Grabyo,1047,163
1572638910555254786,2022-09-21 17:28:29+00:00,"What is the nature of @DomMysterio35 and @RheaRipley_WWE's relationship? 

#WWETheBump https://t.co/vQXe5dhvZd",WWETheBump,"Dominik,RheaRipley_WWE","DomMysterio35,RheaRipley_WWE",Grabyo,1248,197
1572637871609352192,2022-09-21 17:24:21+00:00,"#TheJudgmentDay are LIVE right now on #WWETheBump, such a lovely and warm bunch. https://t.co/1ME6U6NHVM","TheJudgmentDay,WWETheBump",,,Grabyo,700,137
1572637737613955080,2022-09-21 17:23:49+00:00,"Thank you for this detailed analysis of so many different things, Coach @DrewGulak. 

#WWETheBump https://t.co/nOvGKvmX2m",WWETheBump,Drew Gulak,DrewGulak,Grabyo,498,98
1572634221323108352,2022-09-21 17:09:51+00:00,.@DrewGulak weighs in on @WWERomanReigns and @LoganPaul's upcoming Undisputed WWE Universal Title Match at WWE Crow‚Ä¶ https://t.co/exwcZcDR06,,"Drew Gulak,Roman Reigns,Logan Paul","DrewGulak,WWERomanReigns,LoganPaul",Grabyo,562,102
1572630381764935680,2022-09-21 16:54:35+00:00,"Congratulations, @LVAces! üèÜüéâ https://t.co/4hwCnHLDaB",,Las Vegas Aces,LVAces,Twitter for iPhone,585,77
1572616645058899979,2022-09-21 16:00:00+00:00,".@Goldberg made an immediate impact in his WWE debut üò≤ 

#Goldberg25 https://t.co/81GGiu60ze",Goldberg25,Bill Goldberg,Goldberg,Sprinklr Publishing,1268,171
1572579397068099584,2022-09-21 13:32:00+00:00,"After weeks of dominating #WWERaw, #TheJudgmentDay's @FinnBalor, @RheaRipley_WWE and @ArcherOfInfamy sit down with‚Ä¶ https://t.co/Fbw0kyj8YY","WWERaw,TheJudgmentDay","Finn B√°lor,RheaRipley_WWE,Damian Priest","FinnBalor,RheaRipley_WWE,ArcherOfInfamy",Twitter Media Studio,939,173
1572556684568010753,2022-09-21 12:01:44+00:00,"After winning the Fatal 4-Way No. 1 Contenders‚Äô Match on #SmackDown, @RidgeWWE  &amp; @PeteDunneYxB travel to #WWERaw,‚Ä¶ https://t.co/GXzVyXQYFo","SmackDown,WWERaw","Ridge Holland,Pete ‚ÄòBUTCH‚Äô Dunne","RidgeWWE,PeteDunneYxB",Grabyo,767,109
1572526447637721089,2022-09-21 10:01:35+00:00,See how the WWE Universe was turned upside down this past weekend as @WWERomanReigns and @LoganPaul announced their‚Ä¶ https://t.co/NvKje780xe,,"Roman Reigns,Logan Paul","WWERomanReigns,LoganPaul",Grabyo,1109,156
1572496246576910337,2022-09-21 08:01:35+00:00,".@FightOwensFight looks to shut the loud mouth of @_Theory1 once and for all.

#WWERaw https://t.co/NZlHiSY9QL",WWERaw,"Kevinn,Austin Theory","FightOwensFight,_Theory1",Grabyo,659,94
1572466101287784448,2022-09-21 06:01:48+00:00,"As #DamageCTRL celebrates their WWE Women‚Äôs Tag Team Championship victory with a decorated golf cart,‚Ä¶ https://t.co/3OaxtcmqxP",DamageCTRL,,,Grabyo,832,151
1572451010114883584,2022-09-21 05:01:50+00:00,"The Visionary, @WWERollins, seeks to win the #USTitle for the second time as he battles The All Mighty @fightbobby!‚Ä¶ https://t.co/VKmxhpbjYj",USTitle,"Seth ‚ÄúFreakin‚Äô‚Äù Rollins,Bobby Lashley","WWERollins,fightbobby",Grabyo,894,111
1572416664708202497,2022-09-21 02:45:21+00:00,"In the middle of @Quincy__WWE ‚Äôs debut victory party last week, @XyonQuinnWWE offers some advice to the up-and-come‚Ä¶ https://t.co/hJ4AiIuKpe",,"ü¶ãSUPERDIVA ü¶ã,XQ","Quincy__WWE,XyonQuinnWWE",Sprinklr Publishing,1010,139
1572414147849244673,2022-09-21 02:35:21+00:00,"Oro Mensah is overjoyed to be fulfilling his childhood dream of becoming a WWE Superstar, and it means so much more‚Ä¶ https://t.co/Gwkney4Kke",,,,Sprinklr Publishing,915,145
1572412907295764480,2022-09-21 02:30:25+00:00,.@Carmelo_WWE says he hasn‚Äôt missed all year and his latest losses don‚Äôt mean anything because at #HalloweenHavoc h‚Ä¶ https://t.co/IE7n74zKHk,HalloweenHavoc,Carmelo Hayes,Carmelo_WWE,Sprinklr Publishing,947,157
1572410600936050688,2022-09-21 02:21:15+00:00,.@nikkita_wwe &amp; @ZoeyStarkWWE claim they are fully healthy and ready to challenge for the #WWENXT Women's Tag Team‚Ä¶ https://t.co/qNFMKZwBrc,WWENXT,"Nikkita Lyons,Zoey Stark","nikkita_wwe,ZoeyStarkWWE",Sprinklr Publishing,2352,320
1572407689061470208,2022-09-21 02:09:41+00:00,".@UNBESIEGBAR_ZAR is here!!!!

#WWENXT #NXTTitle https://t.co/DV33CK8zed","WWENXT,NXTTitle",ùôÑùô°ùôüùôñ ùòøùôßùôñùôúùô™ùô£ùô§ùô´,UNBESIEGBAR_ZAR,Grabyo,6165,837
1572406099088654337,2022-09-21 02:03:22+00:00,"Tyler Bate takes @jd_mcdonagh for a ride! üòµ‚Äçüí´

#WWENXT https://t.co/kNRXQMlLOW",WWENXT,JD McDonagh,jd_mcdonagh,Grabyo,1035,175
1572401173793017856,2022-09-21 01:43:48+00:00,"üò≤

#WWENXT @WWEApollo @GraysonWWE https://t.co/JTPmNflWGN",WWENXT,"Apollo,Grayson Waller","WWEApollo,GraysonWWE",Grabyo,2138,217
1572395201699745794,2022-09-21 01:20:04+00:00,"Nothing gets the NXT Universe going quite like the CHASE U STOMP! üôå

#WWENXT @AndreChaseWWE https://t.co/9xwO4wHUzj",WWENXT,Andre Chase,AndreChaseWWE,Grabyo,1111,200
1572392006927917057,2022-09-21 01:07:22+00:00,"üò≤ @lashlegendwwe just DROPPED @therealestwendy!

#WWENXT @CoraJadeWWE https://t.co/keNIutoxcp",WWENXT,"Lash Legend,Wendy Choo,Cora Jade","lashlegendwwe,therealestwendy,CoraJadeWWE",Grabyo,1391,259
1572386882457149440,2022-09-21 00:47:00+00:00,".@MalikBladeWWE takes flight! 

#WWENXT @Edris_Enofe https://t.co/sbOEj1Sxtz",WWENXT,"Malik Blade,EDRIS","MalikBladeWWE,Edris_Enofe",Grabyo,660,144
1572384316222480384,2022-09-21 00:36:49+00:00,".@ivynile_wwe is on üî•

#WWENXT https://t.co/oBaGDTqyVR",WWENXT,ivynile_wwe,ivynile_wwe,Grabyo,983,188
1572383280418398210,2022-09-21 00:32:42+00:00,"It was @damonkempwwe all along! 

#WWENXT https://t.co/HtRrFevF7l",WWENXT,Damon Kemp,damonkempwwe,Grabyo,1140,202
1572380672282578946,2022-09-21 00:22:20+00:00,"An unbelievable flurry of offense from @WWEFrazer to tie up his Best of 3 series with @Axiom_WWE! 

#WWENXT https://t.co/CmETS2o4Tl",WWENXT,"Nathan Frazer,Axiom","WWEFrazer,Axiom_WWE",Grabyo,2036,290
1572376938970243073,2022-09-21 00:07:30+00:00,"#WWENXT North American Title LADDER MATCH at Halloween Havoc ü§Øü§Øü§Ø

@ShawnMichaels https://t.co/CGBPx4I43z",WWENXT,Shawn Michaels,ShawnMichaels,Grabyo,3960,601
1572376508093825025,2022-09-21 00:05:47+00:00,"""I'm gonna need you to hand over the North American Championship.""

@ShawnMichaels didn't want to do it, but it had‚Ä¶ https://t.co/yPF8O3MxV4",,Shawn Michaels,ShawnMichaels,Grabyo,5501,745
1572359952714420224,2022-09-20 23:00:00+00:00,"TONIGHT on #WWENXT 2.0

üëä #TylerBate vs. @jd_mcdonagh 
üò† @therealestwendy vs. @CoraJadeWWE 
üëÄ @WWEFrazer vs.‚Ä¶ https://t.co/ttJ9U8MP6f","WWENXT,TylerBate","JD McDonagh,Wendy Choo,Cora Jade,Nathan Frazer","jd_mcdonagh,therealestwendy,CoraJadeWWE,WWEFrazer",Sprinklr Publishing,1038,189
1572345763610386432,2022-09-20 22:03:37+00:00,"Who made the biggest statement on #WWERaw last night?

#WWETop10 https://t.co/lktZuiPOv8","WWERaw,WWETop10",,,Grabyo,805,119
1572314655246417920,2022-09-20 20:00:00+00:00,Former allies @SuperKingofBros and @ArcherofInfamy go head-to-head next week on #WWERaw! https://t.co/SLiZ7dZLuh,WWERaw,"matthew riddle,Damian Priest","SuperKingofBros,ArcherOfInfamy",Sprinklr Publishing,3773,314
1572299558549618696,2022-09-20 19:00:01+00:00,Two former #WWENXT Champions in @FightOwensFight and @JohnnyGargano take on @WWEGable and @otiswwe of #AlphaAcademy‚Ä¶ https://t.co/qZq6MbuV5k,"WWENXT,AlphaAcademy","Kevinn,Johnny Gargano,Chad Gable,OTIS (#1 GUY)","FightOwensFight,JohnnyGargano,WWEGable,otiswwe",Sprinklr Publishing,6379,502
1572290535637012483,2022-09-20 18:24:10+00:00,Which @WWE Superstar inspires you the most?,,WWE,WWE,Twitter Web App,7187,504
1572284457759178753,2022-09-20 18:00:01+00:00,"The #FightPit is BACK at #ExtremeRules!

@SuperKingofBros knows what it's like, but @WWERollins has yet to experien‚Ä¶ https://t.co/JJsRo6nFSv","FightPit,ExtremeRules","matthew riddle,Seth ‚ÄúFreakin‚Äô‚Äù Rollins","SuperKingofBros,WWERollins",Sprinklr Publishing,7113,774
1572269654420393984,2022-09-20 17:01:11+00:00,Celebrate #NationalPunchDay with your favorite WWE Superstars! üëäüëä https://t.co/X6tBNgipki,NationalPunchDay,,,Grabyo,2256,310
1572254263149035520,2022-09-20 16:00:02+00:00,"Who will lead the winds of change on #WWENXT?

üì∫ 8/7c @USA_Network https://t.co/SIRGf4aVZR",WWENXT,USA Network,USA_Network,Twitter Media Studio,658,103
1572239068150259714,2022-09-20 14:59:39+00:00,"‚ÄúThe Universal Champion reigns again!‚Äù
#WWERaw 9/20/21

@WWERomanReigns @WWEBigE @fightbobby https://t.co/laxxpgj4pq",WWERaw,"Roman Reigns,Ettore ‚ÄúBig E‚Äù Ewen,Bobby Lashley","WWERomanReigns,WWEBigE,fightbobby",Grabyo,1723,253
1572171516451618816,2022-09-20 10:31:13+00:00,"THIS FRIDAY on #SmackDown

Undisputed WWE Universal Champion @WWERomanReigns returns!

The Brawling Brutes challeng‚Ä¶ https://t.co/jXZ9V2ydXU",SmackDown,Roman Reigns,WWERomanReigns,Grabyo,2185,390
1572066039696859137,2022-09-20 03:32:06+00:00,"Is @FinnBalor ready for some California Love?

#RAWTalk
‚ñ∂Ô∏è @peacock https://t.co/2ddbLte1yQ",RAWTalk,"Finn B√°lor,Peacock","FinnBalor,peacock",Grabyo,2140,296
1572058681977479170,2022-09-20 03:02:51+00:00,"""I want the #WWERaw #WomensTitle at #ExtremeRules!""

@itsBayleyWWE sends a message to the champ following a vicious‚Ä¶ https://t.co/evstSlPSZ0","WWERaw,WomensTitle,ExtremeRules",Bayley,itsBayleyWWE,Grabyo,3639,654
1572055874717515781,2022-09-20 02:51:42+00:00,Bitter rivals @AlexaBliss_WWE and @itsBayleyWWE meet on #WWERaw! https://t.co/9zVTkIfT3c,WWERaw,"Lexi (Kaufman) Cabrera,Bayley","AlexaBliss_WWE,itsBayleyWWE",Grabyo,2811,411
1572052513674915840,2022-09-20 02:38:21+00:00,"Should @AJStylesOrg join #TheJudgmentDay?

#WWERaw https://t.co/91f8KEroIx","TheJudgmentDay,WWERaw",AJ Styles,AJStylesOrg,Grabyo,5283,699
1572052092260327425,2022-09-20 02:36:40+00:00,"""I got a new MAMI now!""

@RheaRipley_WWE @DomMysterio35 #WWERaw https://t.co/zG4NdNsDmt",WWERaw,"RheaRipley_WWE,Dominik","RheaRipley_WWE,DomMysterio35",Grabyo,6580,740
1572051148596711424,2022-09-20 02:32:55+00:00,"Woahwoahwoahwoahwoahwoahwoah! üò±üò±üò±üò±üò±üò±

#WWERaw https://t.co/miNbVs2hOx",WWERaw,,,Grabyo,6699,873
1572050899484262400,2022-09-20 02:31:56+00:00,"Hold up, @mikethemiz vs. Stuart?!

@Minions #WWERaw https://t.co/6TRGxBWTHZ",WWERaw,"The Miz,#Minions","mikethemiz,Minions",Grabyo,1737,294
1572049582850248709,2022-09-20 02:26:42+00:00,".@WWERollins just got invited into the FIGHT PIT at #ExtremeRules!

@SuperKingofBros https://t.co/qSSE4cRkFE",ExtremeRules,"Seth ‚ÄúFreakin‚Äô‚Äù Rollins,matthew riddle","WWERollins,SuperKingofBros",Grabyo,5863,878
1572047610784931843,2022-09-20 02:18:52+00:00,"It's @WWERollins!

#WWERaw https://t.co/79C8WNfw6s",WWERaw,Seth ‚ÄúFreakin‚Äô‚Äù Rollins,WWERollins,Grabyo,2511,409
1572046642727067650,2022-09-20 02:15:01+00:00,"üò≤üò≤üò≤

@RheaRipley_WWE #WWERaw https://t.co/PynJI9mj1R",WWERaw,RheaRipley_WWE,RheaRipley_WWE,Grabyo,2004,364
1572045911366180864,2022-09-20 02:12:07+00:00,Has #TheJudgmentDay met their match against @reymysterio &amp; @FinnBalor on #WWERaw? https://t.co/nEytZdeQBT,"TheJudgmentDay,WWERaw","‚ôõRey Mysterio‚ùî,Finn B√°lor","reymysterio,FinnBalor",Grabyo,1304,253
1572043387888603138,2022-09-20 02:02:05+00:00,"Name this team.

#WWERaw https://t.co/zeU8KlPnqt",WWERaw,,,Twitter Web App,12455,640
1572041525361774594,2022-09-20 01:54:41+00:00,"Support @ConnorsCure and help Quinn ""King Crusher"" fight Pediatric Cancer. Team up to take down cancer at‚Ä¶ https://t.co/tO1pBfHyom",,ConnorsCure,ConnorsCure,Grabyo,920,185
1572040965702950912,2022-09-20 01:52:27+00:00,"What is @RheaRipley_WWE saying now?!

@DomMysterio35 #WWERaw https://t.co/rPf6NUYEeg",WWERaw,"RheaRipley_WWE,Dominik","RheaRipley_WWE,DomMysterio35",Twitter Web App,4189,372
1572040419436859392,2022-09-20 01:50:17+00:00,#TheJudgmentDay has arrived on #WWERaw. https://t.co/ZZdOGEZzXA,"TheJudgmentDay,WWERaw",,,Grabyo,2276,436
1572040392194793474,2022-09-20 01:50:11+00:00,"Sounds like we've got some HOMETOWN DILEMMA! Now hold on a minute......

@FightOwensFight @JohnnyGargano #WWERaw https://t.co/XKcuWv5AXN",WWERaw,"Kevinn,Johnny Gargano","FightOwensFight,JohnnyGargano",Grabyo,2589,390
1572039791205842951,2022-09-20 01:47:47+00:00,PAPI. #WWERaw https://t.co/GekAR77iXc,WWERaw,,,Twitter for iPhone,13164,1024
1572035516652027904,2022-09-20 01:30:48+00:00,"This must make @WWESheamus REAL proud right now!

#WWERaw https://t.co/DGRlCr8d1Y",WWERaw,Sheamus,WWESheamus,Grabyo,1463,262
1572032843475304448,2022-09-20 01:20:11+00:00,"Welcome to FIGHT NIGHT RAW!

@RidgeWWE and Butch just crashed #WWERaw! https://t.co/lg0X5JlqtY",WWERaw,Ridge Holland,RidgeWWE,Grabyo,1987,316
1572031927477014528,2022-09-20 01:16:33+00:00,Can @LoganPaul become the NEW Undisputed WWE Universal Champion at #WWECrownJewel? https://t.co/mKuoPkkmzD,WWECrownJewel,Logan Paul,LoganPaul,Grabyo,8629,778
1572031785030000646,2022-09-20 01:15:59+00:00,"How it started.                How it's going.

#WWECrownJewel https://t.co/xrTv8PZJQ8",WWECrownJewel,,,Twitter Web App,9477,721
1572031177166397440,2022-09-20 01:13:34+00:00,.@gkittle46 in the house on #WWERaw!! https://t.co/QqNxTEkkN4,WWERaw,George Kittle,gkittle46,Grabyo,2462,291
1572029415651176449,2022-09-20 01:06:34+00:00,"DING. üòÇ

@JohnnyGargano #WWERaw https://t.co/6OzZuaSApT",WWERaw,Johnny Gargano,JohnnyGargano,Grabyo,3594,485
1572029014100910080,2022-09-20 01:04:58+00:00,"That's what you get, @_Theory1!

#WWERaw https://t.co/JeXrPOJ4ty",WWERaw,Austin Theory,_Theory1,Grabyo,1749,323
1572026735927132160,2022-09-20 00:55:55+00:00,It's quickly getting heated between @_Theory1 and @FightOwensFight on #WWERaw! https://t.co/Ziyrbdo3l1,WWERaw,"Austin Theory,Kevinn","_Theory1,FightOwensFight",Grabyo,1206,251
1572024139908521988,2022-09-20 00:45:36+00:00,"TONIGHT on #WWERaw

@AlexaBliss_WWE vs. @itsBayleyWWE! https://t.co/7xFJxJZv7P",WWERaw,"Lexi (Kaufman) Cabrera,Bayley","AlexaBliss_WWE,itsBayleyWWE",Grabyo,2876,556
1572022713262243840,2022-09-20 00:39:56+00:00,"""Get in champs, we're going to #WWERaw!""

What an entrance from #DamageCTRL! https://t.co/A7Xs3G4K59","WWERaw,DamageCTRL",,,Grabyo,3750,646
1572020079432187904,2022-09-20 00:29:28+00:00,"WHAT. A. MATCH.

#AndStill #USChampion @fightbobby!

#WWERaw https://t.co/b3b48m5uhS","AndStill,USChampion,WWERaw",Bobby Lashley,fightbobby,Twitter Web App,8046,754
1572020009513226241,2022-09-20 00:29:11+00:00,"Can @WWERollins solve this RIDDLE?

@SuperKingofBros #WWERaw https://t.co/eekagyTHd0",WWERaw,"Seth ‚ÄúFreakin‚Äô‚Äù Rollins,matthew riddle","WWERollins,SuperKingofBros",Grabyo,1811,315
1572015907169255426,2022-09-20 00:12:53+00:00,"#USChampion @fightbobby just showed @WWERollins how POWERFUL he is! üò≤

#WWERaw https://t.co/scAZP1jTXC","USChampion,WWERaw","Bobby Lashley,Seth ‚ÄúFreakin‚Äô‚Äù Rollins","fightbobby,WWERollins",Grabyo,2219,395
1572014322683121665,2022-09-20 00:06:35+00:00,"Can @WWERollins become a two-time #USChampion TONIGHT on #WWERaw?

@fightbobby puts the title on the line RIGHT NOW! https://t.co/8xJUeLzTyN","USChampion,WWERaw","Seth ‚ÄúFreakin‚Äô‚Äù Rollins,Bobby Lashley","WWERollins,fightbobby",Twitter Web App,2468,371
1572013553938309122,2022-09-20 00:03:32+00:00,"TONIGHT on #WWERaw

@FightOwensFight vs. @_Theory1 

@SuperKingofBros &amp; @reymysterio vs. @FinnBalor &amp;‚Ä¶ https://t.co/RS8YlTQi7j",WWERaw,"Kevinn,Austin Theory,matthew riddle,‚ôõRey Mysterio‚ùî,Finn B√°lor","FightOwensFight,_Theory1,SuperKingofBros,reymysterio,FinnBalor",Twitter Web App,1037,207
1572012856014405633,2022-09-20 00:00:46+00:00,#WWERaw starts RIGHT NOW!,WWERaw,,,Twitter Web App,1872,227
1572011387529957380,2022-09-19 23:54:56+00:00,Will @itsBayleyWWE have the home field advantage tonight on #WWERaw or will it be another EST night? https://t.co/xgTiJwsEee,WWERaw,Bayley,itsBayleyWWE,Twitter Web App,792,134
1572008039305314305,2022-09-19 23:41:37+00:00,#WWERaw predictions ‚§µÔ∏è,WWERaw,,,Twitter Web App,2094,160
1571998376107057153,2022-09-19 23:03:13+00:00,"#USTitle on the line TONIGHT on #WWERaw as @fightbobby defends against @WWERollins!

Who ya got?!","USTitle,WWERaw","Bobby Lashley,Seth ‚ÄúFreakin‚Äô‚Äù Rollins","fightbobby,WWERollins",Twitter Web App,729,142
1571968603179872257,2022-09-19 21:04:55+00:00,"TONIGHT

@fightbobby and @WWERollins' battle for the #USTitle will KICK OFF #WWERaw! 

üì∫ 8/7c @USA_Network https://t.co/MciJo3JHCC","USTitle,WWERaw","Bobby Lashley,Seth ‚ÄúFreakin‚Äô‚Äù Rollins,USA Network","fightbobby,WWERollins,USA_Network",Sprinklr Publishing,2942,395
1571967368837857282,2022-09-19 21:00:01+00:00,".@WWERollins challenges @fightbobby for the #USTitle TONIGHT on #WWERaw! 

üì∫ 8/7c @USA_Network https://t.co/lY2H6uKkfW","USTitle,WWERaw","Seth ‚ÄúFreakin‚Äô‚Äù Rollins,Bobby Lashley,USA Network","WWERollins,fightbobby,USA_Network",Sprinklr Publishing,880,173
1571945111633682439,2022-09-19 19:31:34+00:00,".@mikethemiz invites @DexterWWE to #MizTV TONIGHT on #WWERaw! 

https://t.co/GV6acKGWmR https://t.co/I0VpEb4FTm","MizTV,WWERaw","The Miz,Dexter Lumis","mikethemiz,DexterWWE",Sprinklr Publishing,5752,527
1571937168678871041,2022-09-19 19:00:00+00:00,Look back at Eddie Guerrero and @BrockLesnar's legendary rivalry. #WWEPlaylist https://t.co/uUDAne4FlE,WWEPlaylist,Brock Lesnar,BrockLesnar,Sprinklr Publishing,1442,281
1571922070107308034,2022-09-19 18:00:01+00:00,.@WWERomanReigns was just one step ahead of @FightOwensFight on this day in 2016! https://t.co/ebu2jJ3BbL,,"Roman Reigns,Kevinn","WWERomanReigns,FightOwensFight",Sprinklr Publishing,2028,286
1571906969581101057,2022-09-19 17:00:00+00:00,".@FightOwensFight and @_Theory1 are set to collide TONIGHT on #WWERaw 

https://t.co/ryliBshZ2G https://t.co/JhzgJ5Wq6e",WWERaw,"Kevinn,Austin Theory","FightOwensFight,_Theory1",Sprinklr Publishing,2284,276
1571891870405656581,2022-09-19 16:00:00+00:00,"Who leaves #WWERaw TONIGHT with the #USTitle? 

@fightbobby @WWERollins https://t.co/HwT1iqRR4V","WWERaw,USTitle","Bobby Lashley,Seth ‚ÄúFreakin‚Äô‚Äù Rollins","fightbobby,WWERollins",Sprinklr Publishing,4467,416
1571884454263640064,2022-09-19 15:30:32+00:00,"üó£ WarGames is coming to #SurvivorSeries!

For the first time in WWE history, WarGames Matches will headline Survivo‚Ä¶ https://t.co/xNAoGb3VlV",SurvivorSeries,,,Sprinklr Publishing,22577,3966
1571876768474095619,2022-09-19 15:00:00+00:00,"Who do you want to see challenge #DamageCTRL next?

@ImKingKota #IYOSKY @itsBayleyWWE https://t.co/rkucAM8QbG","DamageCTRL,IYOSKY","ùñàùñçùñÜùñóùñëùñéùñäùñåùñéùñóùñë üéÆ,Bayley","ImKingKota,itsBayleyWWE",Sprinklr Publishing,2589,328
1571831816591642626,2022-09-19 12:01:22+00:00,Looks like @RaquelWWE found an ally on #SmackDown! https://t.co/851ecm2Uea,SmackDown,Raquel,RaquelWWE,Grabyo,1216,143
1571801636875698178,2022-09-19 10:01:27+00:00,"Is time on the side of @realKILLERkross?

#SmackDown https://t.co/Fab42BeIk9",SmackDown,Karrion Kross,realKILLERkross,Grabyo,1495,191
1571771497508925441,2022-09-19 08:01:41+00:00,Who stepped up to #DAMAGECTRL on #SmackDown? https://t.co/WyPOmMMe80,"DAMAGECTRL,SmackDown",,,Grabyo,843,125
1571741323421519872,2022-09-19 06:01:47+00:00,"Was THAT a wise move from @WWEGable &amp; @otiswwe?

#SmackDown https://t.co/VfJHzXPezt",SmackDown,"Chad Gable,OTIS (#1 GUY)","WWEGable,otiswwe",Grabyo,900,105
1571711107957506055,2022-09-19 04:01:43+00:00,The Role Model @itsBayleyWWE seeks to control the intimidating power of @RaquelWWE in a clash of styles on‚Ä¶ https://t.co/LNai3rb53B,,"Bayley,Raquel","itsBayleyWWE,RaquelWWE",Grabyo,930,136
1571650281707806723,2022-09-19 00:00:01+00:00,"TOMORROW on #WWERaw: 

@FightOwensFight and @_Theory1 go to war! 

Can Austin Theory prove himself to Kevin Owens? üëÄ https://t.co/rVHDWGnJM1",WWERaw,"Kevinn,Austin Theory","FightOwensFight,_Theory1",Twitter Web App,4358,434
1571635441702522885,2022-09-18 23:01:03+00:00,".@RheaRipley_WWE is a proud Papi. 
#WWERaw https://t.co/9dW4FHXiYM",WWERaw,RheaRipley_WWE,RheaRipley_WWE,Grabyo,1538,147
1571620077094375425,2022-09-18 22:00:00+00:00,"TOMORROW on #WWERaw:

@WWERollins takes on @fightbobby for the #USTitle. 

Who will be leaving Raw as the United St‚Ä¶ https://t.co/YbUlqP7e2e","WWERaw,USTitle","Seth ‚ÄúFreakin‚Äô‚Äù Rollins,Bobby Lashley","WWERollins,fightbobby",Twitter Web App,5222,548
1571605468396621828,2022-09-18 21:01:57+00:00,"The WWE Crown Jewel Press Conference brought out the fire in @LoganPaul as his wish, for a match against‚Ä¶ https://t.co/kcEUEwjkpD",,Logan Paul,LoganPaul,Grabyo,1176,191
1571574784529399809,2022-09-18 19:00:01+00:00,This #SmackDown security guard felt the power of @WWEBigE two years ago today! üò§ https://t.co/7BeixlbeWU,SmackDown,Ettore ‚ÄúBig E‚Äù Ewen,WWEBigE,Twitter Web App,2438,215
1571558348239081475,2022-09-18 17:54:43+00:00,"Congratulations @WWE_MandyRose and @SabatinoP24 on the thrilling news! üíç
https://t.co/drLAOIelKy",,"Mandy,sabby","WWE_MandyRose,SabatinoP24",Twitter Web App,8255,590
1571544582587928577,2022-09-18 17:00:01+00:00,"Who snapped the most must-see Instagram photos of the week? üì∏ 
https://t.co/ZRPDvSz70r https://t.co/UabOk2rE0s",,,,Sprinklr Publishing,1748,156
1571514380528803841,2022-09-18 15:00:00+00:00,"DING DONG! üîî Get a rare look at @itsBayleyWWE with these never before seen photos. #HispanicHeritageMonth 
‚û°Ô∏è:‚Ä¶ https://t.co/qAShZozeWl",HispanicHeritageMonth,Bayley,itsBayleyWWE,Sprinklr Publishing,2753,304
1571499747621347329,2022-09-18 14:01:51+00:00,What a night it was for the dynamic duo of @WWESoloSikoa &amp; @SamiZayn on #SmackDown! https://t.co/SCy4mtTbMh,SmackDown,"Solo,Sami Zayn","WWESoloSikoa,SamiZayn",Grabyo,1026,136
1571494275422081024,2022-09-18 13:40:06+00:00,"From @DexterWWE taking @MikeTheMiz to @RealKurtAngle taking @steveaustinBSR...
These are the #WWETop10 Superstar ab‚Ä¶ https://t.co/gcjzWwPfyR",WWETop10,"Dexter Lumis,The Miz,Kurt Angle,Steve Austin","DexterWWE,mikethemiz,RealKurtAngle,steveaustinBSR",Twitter Media Studio,1878,221
1571469544408989697,2022-09-18 12:01:50+00:00,"Surely @WWESheamus is STILL celebrating!

#SmackDown https://t.co/Wm5fF9mC3H",SmackDown,Sheamus,WWESheamus,Grabyo,898,114
1571439330912096256,2022-09-18 10:01:47+00:00,"Maybe next time, @SamiZayn......

#SmackDown https://t.co/YgZkKsVPPJ",SmackDown,Sami Zayn,SamiZayn,Grabyo,944,114
1571409011508928512,2022-09-18 08:01:18+00:00,.@DMcIntyreWWE issues a warning on #SmackDown! https://t.co/MQ3cioQ4GM,SmackDown,Drew McIntyre,DMcIntyreWWE,Grabyo,1199,171
1571378875078422529,2022-09-18 06:01:33+00:00,"Who will #ExtremeRules favor more for the #SmackDown #WomensTitle...

@YaOnlyLivvOnce or @RondaRousey? https://t.co/Oge2vlApzv","ExtremeRules,SmackDown,WomensTitle","LIV Morgan,Ronda Rousey","YaOnlyLivvOnce,RondaRousey",Grabyo,1359,215
1571356289820917761,2022-09-18 04:31:48+00:00,"It‚Äôs a DREW Day, YES it is! #WWEBakersfield https://t.co/YrnV1k8dcK",WWEBakersfield,,,Twitter for iPhone,8300,708
1571348715402657794,2022-09-18 04:01:42+00:00,.@LoganPaul made a huge statement on #SmackDown! https://t.co/hzX79j2H5z,SmackDown,Logan Paul,LoganPaul,Grabyo,946,138
1571330982325923840,2022-09-18 02:51:14+00:00,What a trio! #WWEBakersfield @WWEAsuka @BiancaBelairWWE @AlexaBliss_WWE https://t.co/jMydUl1lKx,WWEBakersfield,"ASUKA / ÊòéÊó•ËèØ,Bianca Belair,Lexi (Kaufman) Cabrera","WWEAsuka,BiancaBelairWWE,AlexaBliss_WWE",Twitter for iPhone,7233,653
1571288803230318592,2022-09-18 00:03:38+00:00,Witness where it all started for @LoganPaul on the #SmackDown #WWETop10! https://t.co/ccb1nFrQkW,"SmackDown,WWETop10",Logan Paul,LoganPaul,Grabyo,1047,182
1571251053139578883,2022-09-17 21:33:38+00:00,Get the best photos from the #WWECrownJewel Press Conference: https://t.co/RlaXLLB7wf https://t.co/tlFQtklYhF,WWECrownJewel,,,Twitter Web App,6498,742
1571236858507427841,2022-09-17 20:37:13+00:00,"It's on at #WWECrownJewel on Saturday, November 5 as @LoganPaul challenges @WWERomanReigns for the Undisputed WWE U‚Ä¶ https://t.co/JFfTXCejIJ",WWECrownJewel,"Logan Paul,Roman Reigns","LoganPaul,WWERomanReigns",Twitter Web App,11060,1471
1571234930541068289,2022-09-17 20:29:34+00:00,"It's on at #WWECrownJewel.

@WWERomanReigns vs. @LoganPaul - Undisputed WWE Universal Championship

UPDATES:‚Ä¶ https://t.co/Gkxcu82bPZ",WWECrownJewel,"Roman Reigns,Logan Paul","WWERomanReigns,LoganPaul",Grabyo,7363,1004
1571234814266839040,2022-09-17 20:29:06+00:00,There was just a physical altercation between @WWERomanReigns and @LoganPaul at the #WWECrownJewel Press Conference‚Ä¶ https://t.co/ve8VfaFf1c,WWECrownJewel,"Roman Reigns,Logan Paul","WWERomanReigns,LoganPaul",Grabyo,5052,831
1571233278954467329,2022-09-17 20:23:00+00:00,"""You're gonna see ME beat @WWERomanReigns!""

Can @LoganPaul win the biggest match of his career at #WWECrownJewel? https://t.co/4rAU0yYLhx",WWECrownJewel,"Roman Reigns,Logan Paul","WWERomanReigns,LoganPaul",Grabyo,2815,407
1571233108636073984,2022-09-17 20:22:19+00:00,".@TripleH recognizes something special in @LoganPaul.

#WWECrownJewel https://t.co/jmCXa7J2TI",WWECrownJewel,"Triple H,Logan Paul","TripleH,LoganPaul",Grabyo,1669,285
1571232271772053505,2022-09-17 20:19:00+00:00,Want to be the first to know everything #WWECrownJewel? Acknowledge the link below and consider all updates handled‚Ä¶ https://t.co/24sGB9CFlR,WWECrownJewel,,,Sprinklr Publishing,2691,423
1571231185459609611,2022-09-17 20:14:41+00:00,"""I found my home in the WWE and I called out the GOAT immediately. It's what I do.""

@LoganPaul is READY for‚Ä¶ https://t.co/B6RD6L6Npd",,Logan Paul,LoganPaul,Grabyo,3761,480
1571230263547494400,2022-09-17 20:11:01+00:00,"""You are in the deep end now. You are in the water with the biggest shark to ever live in the WWE.""

Undisputed WWE‚Ä¶ https://t.co/KVjxSqVUVI",,,,Grabyo,5178,942
1571229085656825856,2022-09-17 20:06:20+00:00,"""There is NO ONE in this industry even close to touching the level that @WWERomanReigns is on right now."" -‚Ä¶ https://t.co/lpNQCszNtf",,Roman Reigns,WWERomanReigns,Grabyo,3318,632
1571227562369744896,2022-09-17 20:00:17+00:00,"BREAKING NEWS: As announced by @TripleH, @LoganPaul will challenge @WWERomanReigns for the Undisputed WWE Universal‚Ä¶ https://t.co/dXpFqbekxH",,"Triple H,Logan Paul,Roman Reigns","TripleH,LoganPaul,WWERomanReigns",Grabyo,15091,2409
1571226621884915712,2022-09-17 19:56:33+00:00,"And @SamiZayn is here too!

#WWECrownJewel https://t.co/YVYhQcRy8F",WWECrownJewel,Sami Zayn,SamiZayn,Grabyo,9715,554
1571226555652661250,2022-09-17 19:56:17+00:00,"Acknowledge @WWERomanReigns.

#WWECrownJewel https://t.co/SIJVcx5sze",WWECrownJewel,Roman Reigns,WWERomanReigns,Grabyo,9656,922
1571226064046944256,2022-09-17 19:54:20+00:00,.@TripleH has arrived for the #WWECrownJewel Press Conference! https://t.co/vaAFurDCK1,WWECrownJewel,Triple H,TripleH,Grabyo,2745,411
1571225415397654538,2022-09-17 19:51:45+00:00,"#TheBloodline is here at the #WWECrownJewel Press Conference!

What will the Undisputed WWE Universal Champion‚Ä¶ https://t.co/Xacdq7u92N","TheBloodline,WWECrownJewel",,,Grabyo,3111,607
1571224325562466309,2022-09-17 19:47:25+00:00,"The #WWECrownJewel Press Conference is LIVE!

üëâ https://t.co/YzDGvwMdHq https://t.co/bSFNanmp1l",WWECrownJewel,,,Grabyo,1541,203
1571219235992485891,2022-09-17 19:27:12+00:00,"We'll see you in just a few minutes!

üëâ https://t.co/YzDGvwLFRS https://t.co/YakqF2XDVB",,,,Grabyo,2067,297
1571214616230780929,2022-09-17 19:08:50+00:00,"üëÄ

We're going LIVE at 3:30 pm EST | 12:30 pm PST! https://t.co/iOAZCc1dwV",,,,Twitter Web App,981,180
1571214266148986880,2022-09-17 19:07:27+00:00,"Pick a WWE Superstar to play Batman.

#BatmanDay",BatmanDay,,,Twitter Web App,5383,305
1571193429585022977,2022-09-17 17:44:39+00:00,"Who we got on tap for #SmackDown LowDown today?

- @KingRicochet 
- The Brawling Brutes
- The heroic Shotzi! https://t.co/iD9mTHNgAK",SmackDown,Ricochet,KingRicochet,Grabyo,981,166
1571177885448257539,2022-09-17 16:42:53+00:00,Who is your favorite member of #TheBloodline?,TheBloodline,,,Twitter Web App,8468,488
1571161329871867905,2022-09-17 15:37:06+00:00,"Guess who stopped by to play! üëÄ
@UnspeakableGame

‚ñ∂Ô∏è https://t.co/sZdV6vRydt https://t.co/tkaNyV4vzI",,Nathan / Unspeakable,UnspeakableGame,Twitter Web App,2133,211
1571153976229249025,2022-09-17 15:07:53+00:00,"Who‚Äôs gonna be in Vegas today? üëÄ

See you at @DawgHouseVegas at @ResortsWorldLV for today‚Äôs Crown Jewel press confe‚Ä¶ https://t.co/LLFlSVtYil",,"DawgHouse Saloon Vegas,Resorts World Las Vegas","DawgHouseVegas,ResortsWorldLV",Twitter Web App,2234,233
1571142630720901120,2022-09-17 14:22:48+00:00,"ON THIS DAY in 2006

WWE Champion @EdgeRatedR experienced an emotional homecoming in Toronto. ‚ù§Ô∏è https://t.co/Fqxqv0ajPx",,Adam (Edge) Copeland,EdgeRatedR,Grabyo,3748,555
